sequence_id,sensor_numeric_id,history_start_step,prediction_target_step,dataset_split,sensor_id
1,39,83,14.0,validation,
2,455,221,3.0,train,
3,673,71,128.0,train,
4,2126,53,233.0,validation,
5,2210,6,73.0,validation,
6,288,10,238.0,train,
7,1389,44,118.0,validation,
8,2375,229,11.0,train,
9,2047,24,119.0,train,
10,171,83,216.0,validation,
11,1326,117,186.0,test,
12,1347,192,58.0,test,
13,2157,232,110.0,test,
14,1478,86,128.0,train,
15,1286,192,80.0,test,
16,1265,233,68.0,train,
17,2461,157,71.0,validation,
18,1558,74,68.0,test,
19,820,221,31.0,test,
20,686,250,85.0,validation,
21,1116,254,227.0,validation,
22,2235,164,105.0,train,
23,845,34,64.0,train,
24,2215,79,217.0,train,
25,1038,76,64.0,test,
26,917,271,172.0,test,
27,789,161,99.0,train,
28,1422,197,53.0,train,
29,2016,282,34.0,train,
30,2170,127,76.0,test,
31,897,150,172.0,test,
32,2468,271,283.0,test,
33,373,157,131.0,validation,
34,1298,178,242.0,train,
35,1975,206,222.0,validation,
36,744,135,51.0,train,
37,249,78,163.0,validation,
38,2337,21,62.0,validation,
39,1432,235,186.0,test,
40,563,112,241.0,test,
41,404,35,89.0,test,
42,1961,69,1.0,test,
43,2233,288,214.0,validation,
44,1509,165,6.0,validation,
45,825,155,84.0,train,
46,1432,260,193.0,train,
47,2286,249,68.0,validation,
48,1404,3,5.0,validation,
49,1708,187,131.0,validation,
50,69,275,95.0,train,
51,1848,35,97.0,validation,
52,1869,176,132.0,validation,
53,2165,180,9.0,train,
54,1636,215,272.0,validation,
55,2044,50,134.0,test,
56,539,213,73.0,train,
57,714,12,236.0,test,
58,395,108,141.0,validation,
59,1368,77,162.0,train,
60,2378,169,233.0,train,
61,291,241,92.0,validation,
62,2490,212,256.0,test,
63,2279,87,7.0,train,
64,1464,79,88.0,validation,
65,1558,242,260.0,validation,
66,262,73,226.0,train,
67,1740,179,72.0,train,
68,1156,224,279.0,validation,
69,1429,285,137.0,validation,
70,1370,212,205.0,test,
71,298,40,34.0,train,
72,548,210,2.0,test,
73,2373,4,111.0,train,
74,799,4,26.0,train,
75,2157,194,148.0,test,
76,2372,234,38.0,validation,
77,413,223,123.0,validation,
78,162,171,220.0,validation,
79,244,250,287.0,test,
80,1266,268,200.0,validation,
81,32,214,279.0,validation,
82,2169,209,56.0,test,
83,358,115,20.0,test,
84,222,44,34.0,test,
85,655,108,268.0,train,
86,1789,48,254.0,validation,
87,2323,163,281.0,validation,
88,205,25,234.0,train,
89,1963,150,246.0,train,
90,1965,126,93.0,validation,
91,2061,209,55.0,test,
92,2134,53,118.0,validation,
93,808,5,28.0,validation,
94,1953,69,102.0,test,
95,2457,120,46.0,train,
96,1612,149,45.0,validation,
97,368,237,182.0,validation,
98,1796,234,120.0,validation,
99,1806,1,54.0,test,
100,739,145,111.0,test,
101,2398,239,2.0,train,
102,732,105,169.0,validation,
103,634,22,56.0,test,
104,1296,149,27.0,test,
105,2142,263,253.0,test,
106,2161,57,54.0,train,
107,1989,149,206.0,validation,
108,2321,233,255.0,test,
109,2173,202,175.0,train,
110,35,185,135.0,test,
111,1024,95,55.0,test,
112,2182,137,128.0,validation,
113,299,78,105.0,test,
114,798,234,176.0,test,
115,219,65,219.0,train,
116,330,277,186.0,train,
117,1109,171,241.0,test,
118,682,130,237.0,train,
119,35,219,145.0,train,
120,2365,37,12.0,train,
121,2292,215,95.0,test,
122,177,12,254.0,train,
123,2470,44,176.0,train,
124,1132,229,211.0,validation,
125,899,285,145.0,train,
126,451,232,141.0,test,
127,901,228,50.0,train,
128,2160,129,64.0,train,
129,2495,173,84.0,test,
130,1320,145,130.0,train,
131,2198,159,163.0,validation,
132,494,279,108.0,validation,
133,1045,57,179.0,validation,
134,52,51,261.0,validation,
135,888,151,144.0,train,
136,1994,236,117.0,validation,
137,2255,8,173.0,validation,
138,378,126,14.0,train,
139,748,104,33.0,train,
140,294,8,113.0,test,
141,1661,247,74.0,test,
142,2066,167,104.0,test,
143,1176,75,99.0,train,
144,452,280,222.0,validation,
145,82,184,186.0,test,
146,1396,148,58.0,validation,
147,1433,224,263.0,train,
148,1708,43,223.0,test,
149,1844,6,43.0,train,
150,1108,95,258.0,test,
151,1192,228,164.0,test,
152,1096,49,127.0,test,
153,437,183,282.0,validation,
154,635,144,147.0,train,
155,1375,129,79.0,test,
156,989,198,134.0,validation,
157,2435,42,134.0,test,
158,1350,10,212.0,validation,
159,1435,91,82.0,train,
160,1466,172,165.0,train,
161,1195,252,203.0,test,
162,603,235,81.0,train,
163,1602,45,126.0,train,
164,108,115,47.0,validation,
165,1634,45,219.0,test,
166,156,233,288.0,validation,
167,90,176,231.0,validation,
168,880,49,80.0,test,
169,1158,253,149.0,test,
170,2263,107,89.0,validation,
171,576,51,255.0,test,
172,1163,24,72.0,validation,
173,133,240,157.0,test,
174,762,142,248.0,train,
175,1361,278,59.0,validation,
176,1483,5,117.0,validation,
177,997,203,70.0,test,
178,327,145,234.0,train,
179,938,107,49.0,train,
180,6,239,39.0,train,
181,2484,84,195.0,test,
182,1452,128,105.0,validation,
183,1941,152,224.0,train,
184,910,155,175.0,train,
185,1883,269,131.0,train,
186,43,185,198.0,train,
187,1537,287,95.0,train,
188,834,28,115.0,train,
189,2344,223,275.0,train,
190,529,78,244.0,test,
191,2336,60,235.0,validation,
192,39,271,239.0,test,
193,725,269,258.0,validation,
194,1039,169,219.0,test,
195,165,98,45.0,train,
196,718,190,33.0,test,
197,2407,47,44.0,train,
198,2300,271,79.0,validation,
199,253,186,138.0,test,
200,1776,287,278.0,test,
201,879,154,276.0,validation,
202,1513,67,267.0,validation,
203,645,211,254.0,test,
204,1199,192,79.0,validation,
205,914,267,250.0,validation,
206,689,93,224.0,validation,
207,904,33,77.0,validation,
208,1378,226,111.0,test,
209,1660,12,248.0,test,
210,1379,152,249.0,train,
211,845,19,38.0,validation,
212,1492,255,175.0,train,
213,1446,55,121.0,train,
214,2454,204,161.0,train,
215,2453,225,186.0,train,
216,1826,55,108.0,train,
217,2274,170,75.0,validation,
218,1115,9,55.0,train,
219,1394,48,217.0,test,
220,173,232,98.0,validation,
221,631,37,24.0,test,
222,1908,179,93.0,train,
223,1873,131,174.0,train,
224,1325,56,41.0,test,
225,1405,287,269.0,train,
226,2115,77,188.0,validation,
227,1930,68,23.0,train,
228,1288,87,65.0,test,
229,2146,118,156.0,test,
230,408,180,24.0,validation,
231,1216,63,232.0,train,
232,1034,67,256.0,train,
233,204,254,261.0,test,
234,1004,254,102.0,validation,
235,1311,12,196.0,test,
236,198,124,120.0,validation,
237,2443,25,111.0,train,
238,1799,52,172.0,train,
239,2228,253,197.0,train,
240,2490,62,195.0,train,
241,1852,156,176.0,validation,
242,177,259,70.0,train,
243,2078,19,193.0,test,
244,467,40,221.0,train,
245,475,93,72.0,train,
246,594,237,101.0,validation,
247,1046,256,63.0,train,
248,154,245,272.0,test,
249,922,171,66.0,test,
250,244,66,221.0,validation,
251,1670,124,82.0,train,
252,731,197,47.0,test,
253,72,198,194.0,validation,
254,2336,149,45.0,test,
255,2326,228,85.0,test,
256,2279,130,73.0,train,
257,1310,18,137.0,validation,
258,1552,92,76.0,test,
259,252,205,48.0,test,
260,937,107,102.0,validation,
261,950,114,181.0,test,
262,779,256,288.0,train,
263,178,164,242.0,train,
264,1759,159,248.0,validation,
265,900,220,285.0,train,
266,1868,31,85.0,train,
267,93,63,187.0,train,
268,2141,2,9.0,validation,
269,790,13,86.0,train,
270,1990,30,92.0,train,
271,1178,72,24.0,train,
272,1019,159,228.0,validation,
273,1552,79,5.0,train,
274,1068,48,153.0,train,
275,703,8,169.0,train,
276,1256,95,141.0,validation,
277,246,284,119.0,validation,
278,2255,63,44.0,validation,
279,1460,68,255.0,train,
280,1044,223,199.0,validation,
281,2379,71,203.0,validation,
282,1796,28,209.0,test,
283,2368,63,228.0,validation,
284,972,286,226.0,train,
285,1560,227,47.0,train,
286,600,57,108.0,validation,
287,1640,254,81.0,validation,
288,167,244,136.0,train,
289,2354,222,21.0,validation,
290,2081,224,172.0,train,
291,1819,45,200.0,validation,
292,283,196,40.0,test,
293,213,275,43.0,train,
294,2345,35,11.0,test,
295,1751,254,278.0,validation,
296,983,277,190.0,validation,
297,1375,89,94.0,train,
298,2035,51,124.0,test,
299,1826,124,278.0,train,
300,481,152,180.0,validation,
301,1331,189,184.0,validation,
302,502,55,99.0,validation,
303,1640,284,5.0,train,
304,1716,120,149.0,train,
305,271,28,51.0,validation,
306,2398,65,72.0,test,
307,1227,120,54.0,train,
308,62,117,61.0,validation,
309,829,90,191.0,train,
310,775,7,276.0,validation,
311,414,228,40.0,train,
312,1114,98,94.0,train,
313,2419,51,98.0,train,
314,182,51,74.0,validation,
315,527,162,288.0,validation,
316,1889,35,276.0,test,
317,313,125,187.0,train,
318,579,18,270.0,validation,
319,2239,28,283.0,test,
320,335,168,197.0,validation,
321,2075,269,42.0,validation,
322,2300,181,201.0,test,
323,1160,238,33.0,test,
324,470,18,103.0,test,
325,1236,239,147.0,test,
326,861,198,172.0,train,
327,643,212,108.0,train,
328,1990,24,196.0,validation,
329,2492,181,191.0,train,
330,2211,247,45.0,test,
331,1690,156,6.0,test,
332,1526,98,271.0,test,
333,368,186,209.0,validation,
334,1225,203,260.0,test,
335,695,236,204.0,test,
336,2281,270,21.0,test,
337,1750,281,58.0,train,
338,387,52,161.0,validation,
339,2367,62,104.0,train,
340,386,194,210.0,train,
341,68,235,105.0,validation,
342,1004,94,76.0,test,
343,1086,284,3.0,test,
344,1056,126,238.0,validation,
345,1415,48,18.0,test,
346,2281,221,239.0,train,
347,604,159,151.0,test,
348,2491,279,95.0,validation,
349,2332,195,239.0,validation,
350,880,84,145.0,train,
351,2176,227,259.0,train,
352,1120,216,55.0,validation,
353,1753,71,120.0,test,
354,1895,97,72.0,test,
355,1549,157,251.0,validation,
356,999,282,88.0,validation,
357,279,119,43.0,validation,
358,936,18,12.0,train,
359,2255,189,81.0,validation,
360,1116,71,180.0,validation,
361,973,18,41.0,validation,
362,1929,114,32.0,validation,
363,671,274,142.0,test,
364,1526,104,64.0,validation,
365,1810,126,276.0,validation,
366,2433,138,189.0,train,
367,2326,67,223.0,train,
368,1303,10,145.0,validation,
369,1129,94,260.0,validation,
370,1282,191,182.0,validation,
371,1768,181,267.0,test,
372,2152,66,6.0,validation,
373,1722,30,143.0,train,
374,847,200,195.0,test,
375,1851,277,20.0,train,
376,2198,264,237.0,validation,
377,379,207,88.0,validation,
378,163,101,4.0,test,
379,1676,259,181.0,validation,
380,318,1,110.0,test,
381,33,83,138.0,train,
382,225,132,281.0,validation,
383,102,187,201.0,validation,
384,709,123,122.0,train,
385,189,273,145.0,train,
386,2278,59,136.0,test,
387,1828,93,78.0,train,
388,2237,280,121.0,validation,
389,82,145,161.0,train,
390,160,39,247.0,validation,
391,2259,35,102.0,test,
392,1219,257,48.0,validation,
393,533,16,39.0,train,
394,1453,38,115.0,validation,
395,900,216,17.0,validation,
396,1578,263,43.0,validation,
397,8,29,161.0,test,
398,1221,86,287.0,train,
399,1025,116,178.0,test,
400,405,226,181.0,test,
401,1934,69,127.0,train,
402,2007,47,251.0,test,
403,655,77,211.0,validation,
404,628,211,267.0,test,
405,1952,68,167.0,validation,
406,136,60,89.0,validation,
407,1055,33,50.0,train,
408,2476,241,278.0,test,
409,918,173,272.0,test,
410,274,80,135.0,test,
411,1371,52,288.0,test,
412,314,287,180.0,test,
413,1834,49,115.0,validation,
414,1747,265,8.0,validation,
415,1533,42,231.0,test,
416,1523,158,76.0,test,
417,2288,11,146.0,train,
418,2025,189,53.0,validation,
419,1854,282,24.0,test,
420,1383,215,36.0,train,
421,925,116,281.0,test,
422,1484,70,175.0,test,
423,1196,55,35.0,validation,
424,1095,87,102.0,train,
425,1331,115,28.0,train,
426,180,124,5.0,validation,
427,1106,225,118.0,train,
428,705,169,267.0,test,
429,1429,42,89.0,test,
430,2167,37,184.0,train,
431,2434,114,229.0,test,
432,1971,206,63.0,train,
433,1666,255,131.0,test,
434,497,236,285.0,validation,
435,2448,70,265.0,test,
436,376,214,284.0,train,
437,2201,131,119.0,train,
438,1791,270,4.0,validation,
439,1502,246,275.0,validation,
440,455,194,152.0,test,
441,657,238,265.0,train,
442,660,91,265.0,validation,
443,2142,119,196.0,test,
444,684,114,131.0,train,
445,1018,231,214.0,train,
446,2223,190,230.0,validation,
447,1371,166,260.0,train,
448,753,190,288.0,train,
449,1531,274,153.0,test,
450,1965,27,219.0,test,
451,468,93,85.0,train,
452,559,176,247.0,test,
453,1056,61,208.0,validation,
454,946,89,203.0,test,
455,2,139,151.0,train,
456,1357,72,84.0,test,
457,2459,42,107.0,validation,
458,2125,256,238.0,test,
459,1835,96,85.0,test,
460,1351,66,112.0,validation,
461,1165,285,47.0,train,
462,793,279,283.0,train,
463,962,242,262.0,test,
464,987,173,211.0,validation,
465,1229,94,59.0,test,
466,2196,65,4.0,test,
467,525,278,254.0,train,
468,1079,103,136.0,train,
469,622,171,42.0,train,
470,1161,19,173.0,test,
471,472,83,80.0,validation,
472,786,172,153.0,validation,
473,112,145,115.0,validation,
474,1942,148,60.0,train,
475,995,99,118.0,validation,
476,1469,6,49.0,validation,
477,1485,85,269.0,test,
478,294,216,138.0,test,
479,412,280,147.0,test,
480,1513,277,257.0,validation,
481,1202,103,126.0,test,
482,1136,151,173.0,validation,
483,1149,252,267.0,train,
484,464,248,105.0,train,
485,479,187,132.0,train,
486,2147,114,52.0,test,
487,19,265,75.0,validation,
488,1762,263,266.0,test,
489,858,84,23.0,test,
490,1284,115,10.0,test,
491,437,284,4.0,validation,
492,278,136,153.0,test,
493,1684,33,244.0,test,
494,130,188,171.0,validation,
495,529,156,102.0,train,
496,1463,84,159.0,validation,
497,2070,245,211.0,validation,
498,452,38,123.0,validation,
499,1808,4,239.0,test,
500,1492,41,47.0,validation,
501,521,234,135.0,train,
502,1171,219,229.0,test,
503,1352,198,177.0,validation,
504,1659,149,52.0,validation,
505,1618,157,31.0,validation,
506,962,286,277.0,train,
507,2084,132,110.0,train,
508,1626,55,119.0,test,
509,2023,166,120.0,validation,
510,1799,214,12.0,test,
511,472,33,233.0,train,
512,158,103,111.0,validation,
513,2330,235,260.0,train,
514,648,44,59.0,test,
515,1999,104,73.0,test,
516,1779,29,103.0,validation,
517,1622,47,191.0,validation,
518,813,102,270.0,train,
519,853,7,270.0,validation,
520,2479,275,153.0,validation,
521,1740,60,284.0,test,
522,428,52,126.0,validation,
523,2241,11,56.0,test,
524,1767,157,249.0,test,
525,1896,125,1.0,test,
526,259,186,126.0,validation,
527,1658,97,271.0,train,
528,659,232,45.0,train,
529,89,88,151.0,test,
530,742,139,28.0,test,
531,2209,251,51.0,test,
532,1478,93,232.0,test,
533,26,203,105.0,test,
534,1984,150,71.0,validation,
535,19,224,41.0,train,
536,573,13,160.0,validation,
537,634,36,143.0,test,
538,1447,208,187.0,validation,
539,217,224,236.0,validation,
540,1612,131,227.0,train,
541,1412,27,82.0,validation,
542,1541,5,235.0,test,
543,1396,41,55.0,train,
544,1926,184,255.0,train,
545,853,153,23.0,validation,
546,909,179,17.0,test,
547,1540,260,259.0,validation,
548,1996,141,73.0,train,
549,1643,164,118.0,train,
550,1886,98,9.0,train,
551,255,100,153.0,validation,
552,2080,151,54.0,train,
553,1575,109,47.0,train,
554,550,4,48.0,test,
555,799,34,279.0,test,
556,89,52,50.0,validation,
557,1496,160,60.0,train,
558,389,74,257.0,test,
559,1448,86,183.0,train,
560,954,63,175.0,train,
561,2006,271,72.0,validation,
562,1931,219,55.0,validation,
563,1087,110,224.0,train,
564,1413,153,38.0,test,
565,1300,22,119.0,test,
566,2208,272,119.0,validation,
567,1397,33,228.0,test,
568,1885,157,73.0,train,
569,916,13,156.0,test,
570,1702,179,242.0,train,
571,1400,25,176.0,test,
572,124,228,287.0,train,
573,543,179,169.0,train,
574,2345,43,218.0,test,
575,1714,197,105.0,validation,
576,1997,66,93.0,train,
577,2019,79,73.0,test,
578,1701,109,241.0,test,
579,98,253,104.0,test,
580,1611,110,56.0,train,
581,2448,227,130.0,validation,
582,1600,234,32.0,test,
583,2047,81,220.0,validation,
584,1168,97,126.0,train,
585,751,220,6.0,test,
586,2032,251,250.0,test,
587,928,114,107.0,train,
588,2001,7,220.0,validation,
589,2347,122,152.0,test,
590,1642,171,105.0,validation,
591,937,109,278.0,test,
592,858,19,174.0,train,
593,1093,67,198.0,test,
594,1649,93,129.0,train,
595,1204,189,144.0,test,
596,1781,137,14.0,validation,
597,1796,270,83.0,test,
598,1153,253,69.0,test,
599,917,125,130.0,test,
600,1314,51,90.0,test,
601,1964,5,238.0,train,
602,2084,52,68.0,validation,
603,1262,263,244.0,validation,
604,2030,140,263.0,validation,
605,741,210,186.0,validation,
606,466,79,201.0,train,
607,399,75,274.0,train,
608,1373,178,230.0,test,
609,651,172,116.0,validation,
610,522,100,67.0,test,
611,2333,86,40.0,validation,
612,13,213,287.0,train,
613,152,111,105.0,train,
614,132,120,136.0,test,
615,2062,159,125.0,train,
616,1025,237,177.0,test,
617,1589,26,187.0,test,
618,1484,177,59.0,validation,
619,2244,128,206.0,train,
620,459,272,223.0,test,
621,945,17,208.0,test,
622,1330,272,84.0,train,
623,1142,232,264.0,test,
624,2098,63,4.0,train,
625,558,33,64.0,train,
626,1403,250,277.0,validation,
627,891,18,148.0,train,
628,895,251,237.0,validation,
629,1437,265,273.0,train,
630,964,204,40.0,train,
631,1827,25,37.0,validation,
632,2117,282,211.0,train,
633,1383,5,128.0,test,
634,173,137,169.0,test,
635,60,49,239.0,test,
636,1696,7,132.0,test,
637,1620,279,146.0,test,
638,1883,132,178.0,validation,
639,1688,38,252.0,validation,
640,2170,21,116.0,test,
641,2094,132,122.0,train,
642,456,95,24.0,train,
643,1017,283,246.0,train,
644,1065,223,276.0,train,
645,1362,180,196.0,validation,
646,2111,81,271.0,validation,
647,1912,144,17.0,validation,
648,1689,179,66.0,train,
649,1342,215,286.0,test,
650,776,11,148.0,validation,
651,1302,248,16.0,train,
652,22,216,211.0,validation,
653,1862,256,270.0,test,
654,1288,4,235.0,validation,
655,1776,76,171.0,train,
656,440,276,180.0,train,
657,290,248,42.0,train,
658,537,236,280.0,validation,
659,931,136,65.0,validation,
660,2330,56,114.0,test,
661,1227,270,153.0,validation,
662,912,66,124.0,validation,
663,175,266,118.0,validation,
664,2415,206,226.0,validation,
665,657,177,222.0,validation,
666,1474,147,127.0,validation,
667,2123,173,287.0,validation,
668,2199,255,152.0,test,
669,1749,100,180.0,test,
670,1457,172,1.0,validation,
671,2043,35,4.0,test,
672,1490,285,36.0,validation,
673,304,199,167.0,test,
674,2411,87,256.0,validation,
675,1277,32,247.0,train,
676,950,140,187.0,train,
677,954,171,66.0,validation,
678,2100,61,137.0,test,
679,1282,112,90.0,train,
680,1195,118,24.0,validation,
681,419,32,53.0,train,
682,173,77,247.0,train,
683,1585,126,189.0,validation,
684,367,201,48.0,validation,
685,1826,8,50.0,test,
686,2304,95,170.0,validation,
687,1363,176,43.0,validation,
688,1877,119,10.0,validation,
689,1758,211,137.0,train,
690,22,93,49.0,validation,
691,2163,159,226.0,train,
692,1600,197,239.0,validation,
693,1277,136,165.0,train,
694,2094,107,163.0,train,
695,2257,210,6.0,train,
696,1610,49,207.0,test,
697,1916,248,179.0,validation,
698,1904,238,190.0,test,
699,2421,266,202.0,train,
700,495,184,50.0,train,
701,2172,171,77.0,validation,
702,976,288,228.0,train,
703,2418,58,127.0,train,
704,2142,249,137.0,train,
705,924,36,60.0,train,
706,2490,35,16.0,train,
707,234,15,49.0,test,
708,1274,196,171.0,train,
709,1223,123,18.0,test,
710,702,233,258.0,test,
711,1916,254,231.0,train,
712,2243,97,112.0,test,
713,622,90,264.0,validation,
714,1825,263,41.0,test,
715,1209,265,190.0,test,
716,889,261,128.0,train,
717,848,87,86.0,train,
718,1197,24,74.0,train,
719,1423,1,148.0,validation,
720,187,53,110.0,test,
721,889,37,73.0,train,
722,2224,137,227.0,train,
723,406,40,1.0,test,
724,1669,25,203.0,test,
725,330,278,264.0,validation,
726,1529,247,188.0,validation,
727,50,154,193.0,test,
728,73,39,126.0,validation,
729,645,287,74.0,test,
730,1373,83,97.0,train,
731,1660,141,30.0,train,
732,2424,206,17.0,validation,
733,618,43,43.0,validation,
734,1862,145,176.0,validation,
735,533,241,211.0,test,
736,1918,4,249.0,train,
737,2104,39,206.0,test,
738,264,151,169.0,train,
739,2068,263,177.0,test,
740,432,42,244.0,train,
741,675,200,195.0,train,
742,920,38,268.0,train,
743,371,1,255.0,validation,
744,1583,90,57.0,train,
745,649,247,151.0,validation,
746,1364,193,26.0,train,
747,2356,22,224.0,train,
748,2186,268,83.0,validation,
749,30,8,135.0,test,
750,2172,48,78.0,train,
751,484,158,272.0,validation,
752,1239,195,172.0,train,
753,1763,208,47.0,validation,
754,629,68,164.0,validation,
755,2397,208,97.0,test,
756,1717,8,192.0,train,
757,2119,200,119.0,train,
758,454,11,64.0,validation,
759,1312,8,285.0,validation,
760,950,52,31.0,validation,
761,1568,155,279.0,test,
762,122,30,80.0,validation,
763,486,104,61.0,validation,
764,327,17,171.0,train,
765,1228,283,217.0,validation,
766,385,208,6.0,validation,
767,2258,138,28.0,validation,
768,1932,23,44.0,validation,
769,766,247,44.0,test,
770,1890,8,240.0,test,
771,650,87,35.0,test,
772,718,204,21.0,validation,
773,1180,69,18.0,train,
774,496,95,77.0,train,
775,1467,134,261.0,train,
776,2150,117,102.0,validation,
777,115,196,120.0,test,
778,950,152,266.0,test,
779,1719,36,56.0,validation,
780,771,108,179.0,train,
781,2347,29,25.0,validation,
782,1375,87,112.0,train,
783,2296,203,164.0,train,
784,1362,203,192.0,test,
785,1507,52,29.0,test,
786,307,257,201.0,validation,
787,1837,95,228.0,validation,
788,2194,19,165.0,train,
789,283,97,288.0,validation,
790,2240,96,262.0,validation,
791,2156,53,263.0,validation,
792,419,116,4.0,train,
793,366,161,250.0,validation,
794,2349,150,98.0,train,
795,1819,35,242.0,train,
796,669,75,63.0,validation,
797,501,23,215.0,validation,
798,512,37,63.0,test,
799,1929,214,126.0,validation,
800,1077,195,27.0,train,
801,1058,125,56.0,test,
802,1000,85,263.0,test,
803,2436,160,67.0,test,
804,957,275,62.0,train,
805,1162,214,52.0,validation,
806,1314,176,98.0,test,
807,1601,28,127.0,train,
808,1549,46,243.0,validation,
809,241,163,164.0,train,
810,1422,271,134.0,train,
811,2471,58,261.0,validation,
812,1083,15,262.0,train,
813,491,14,225.0,validation,
814,2446,16,229.0,test,
815,806,105,126.0,test,
816,1465,240,238.0,train,
817,1436,78,113.0,validation,
818,1009,239,106.0,train,
819,532,93,268.0,train,
820,2231,147,132.0,train,
821,2430,31,1.0,validation,
822,1299,148,117.0,train,
823,2272,145,111.0,test,
824,1000,37,113.0,train,
825,212,222,245.0,train,
826,2065,128,284.0,test,
827,2103,144,152.0,validation,
828,1142,4,120.0,train,
829,869,178,40.0,test,
830,251,171,51.0,test,
831,879,37,121.0,train,
832,302,243,2.0,validation,
833,373,125,60.0,train,
834,625,262,224.0,test,
835,730,235,67.0,test,
836,350,167,151.0,test,
837,22,142,27.0,test,
838,1572,255,119.0,validation,
839,359,127,104.0,test,
840,1951,7,214.0,train,
841,667,149,2.0,train,
842,534,286,133.0,test,
843,338,60,141.0,test,
844,676,276,177.0,train,
845,2039,244,11.0,validation,
846,2254,187,9.0,test,
847,856,115,245.0,train,
848,1368,103,106.0,test,
849,525,12,104.0,train,
850,754,53,256.0,test,
851,1643,265,255.0,validation,
852,1112,47,184.0,test,
853,236,197,272.0,train,
854,1686,37,208.0,validation,
855,1630,95,30.0,train,
856,14,96,120.0,test,
857,1060,92,251.0,test,
858,999,113,255.0,validation,
859,1066,206,254.0,test,
860,2079,30,69.0,train,
861,2269,67,5.0,validation,
862,1073,194,78.0,validation,
863,1871,7,158.0,validation,
864,135,14,52.0,test,
865,409,128,140.0,train,
866,2444,225,167.0,train,
867,1748,133,133.0,test,
868,2043,99,168.0,train,
869,2333,254,67.0,test,
870,895,139,74.0,validation,
871,1411,153,156.0,train,
872,324,76,3.0,test,
873,1940,209,191.0,test,
874,752,49,151.0,train,
875,2393,8,122.0,test,
876,2428,268,226.0,test,
877,2485,284,225.0,test,
878,1152,216,264.0,train,
879,482,161,48.0,train,
880,586,58,284.0,test,
881,2177,95,56.0,train,
882,493,130,266.0,train,
883,2050,276,68.0,train,
884,2127,279,255.0,validation,
885,2173,173,223.0,validation,
886,606,161,253.0,train,
887,718,117,64.0,test,
888,2276,280,227.0,validation,
889,1133,70,1.0,test,
890,211,81,205.0,test,
891,1980,34,201.0,train,
892,243,101,144.0,train,
893,1690,23,133.0,train,
894,168,52,80.0,train,
895,2288,236,3.0,validation,
896,2350,159,26.0,train,
897,1679,258,119.0,validation,
898,135,199,253.0,train,
899,1358,162,79.0,test,
900,190,274,101.0,test,
901,702,7,184.0,train,
902,564,93,17.0,validation,
903,830,1,52.0,validation,
904,91,21,227.0,test,
905,876,82,123.0,train,
906,1363,250,283.0,validation,
907,1277,155,4.0,test,
908,363,162,29.0,train,
909,817,119,22.0,validation,
910,2198,155,149.0,test,
911,2042,281,202.0,test,
912,791,247,35.0,test,
913,410,127,149.0,train,
914,339,31,29.0,train,
915,2006,288,287.0,train,
916,2036,82,237.0,train,
917,2381,95,64.0,train,
918,434,225,126.0,test,
919,995,66,205.0,validation,
920,240,101,69.0,test,
921,1399,41,280.0,validation,
922,1951,187,47.0,test,
923,1372,77,133.0,test,
924,883,57,275.0,test,
925,411,58,19.0,validation,
926,445,267,117.0,validation,
927,2149,107,131.0,test,
928,865,281,268.0,validation,
929,5,127,111.0,train,
930,43,98,140.0,validation,
931,812,41,137.0,validation,
932,1386,65,172.0,validation,
933,2132,244,74.0,test,
934,2190,97,244.0,train,
935,2032,104,147.0,train,
936,255,281,86.0,validation,
937,1087,98,196.0,test,
938,669,201,16.0,validation,
939,1092,211,279.0,test,
940,1619,227,106.0,test,
941,962,72,107.0,train,
942,945,28,288.0,validation,
943,799,208,174.0,validation,
944,1862,3,12.0,train,
945,388,115,210.0,train,
946,2284,197,70.0,test,
947,971,59,111.0,test,
948,2248,254,27.0,train,
949,746,230,21.0,test,
950,1398,269,64.0,validation,
951,157,150,112.0,train,
952,1113,39,100.0,validation,
953,498,66,129.0,train,
954,1189,24,287.0,test,
955,386,66,225.0,validation,
956,670,168,139.0,validation,
957,1742,141,59.0,train,
958,1776,131,75.0,train,
959,1176,15,81.0,validation,
960,2384,12,10.0,train,
961,874,141,250.0,test,
962,621,234,95.0,train,
963,245,160,21.0,test,
964,2192,181,158.0,train,
965,264,8,136.0,validation,
966,1982,207,97.0,train,
967,1420,261,256.0,validation,
968,1153,153,226.0,test,
969,1917,53,279.0,test,
970,1649,100,190.0,train,
971,909,165,167.0,validation,
972,1527,145,286.0,train,
973,1648,238,166.0,validation,
974,1005,18,224.0,validation,
975,384,264,2.0,test,
976,1311,35,201.0,test,
977,768,22,23.0,validation,
978,1685,82,177.0,validation,
979,1321,6,1.0,train,
980,1893,66,209.0,test,
981,436,48,43.0,train,
982,1362,38,180.0,validation,
983,140,141,267.0,validation,
984,2158,257,140.0,test,
985,1893,251,94.0,validation,
986,1024,231,28.0,test,
987,1004,11,66.0,validation,
988,1876,216,65.0,train,
989,1858,115,263.0,test,
990,1528,169,103.0,validation,
991,1844,180,248.0,train,
992,1052,258,194.0,validation,
993,97,39,49.0,validation,
994,1486,206,284.0,test,
995,811,65,26.0,train,
996,1043,66,236.0,test,
997,1910,181,17.0,validation,
998,611,117,100.0,test,
999,720,208,20.0,validation,
1000,1770,70,15.0,validation,
1001,1305,265,24.0,train,
1002,2184,63,238.0,train,
1003,921,88,52.0,test,
1004,776,121,188.0,test,
1005,668,93,203.0,train,
1006,2193,136,159.0,validation,
1007,1912,178,198.0,train,
1008,507,108,266.0,validation,
1009,797,221,257.0,validation,
1010,1719,287,27.0,train,
1011,1671,267,60.0,validation,
1012,556,19,178.0,train,
1013,238,282,20.0,train,
1014,1904,283,5.0,train,
1015,371,260,214.0,test,
1016,2282,258,124.0,test,
1017,2328,233,180.0,train,
1018,532,14,73.0,test,
1019,425,132,9.0,test,
1020,2089,202,235.0,test,
1021,877,9,261.0,train,
1022,421,67,47.0,train,
1023,371,12,59.0,train,
1024,518,231,172.0,validation,
1025,21,74,137.0,train,
1026,1492,60,229.0,train,
1027,1852,180,126.0,train,
1028,1454,77,136.0,validation,
1029,1334,157,213.0,test,
1030,1767,193,49.0,validation,
1031,2060,133,53.0,train,
1032,1033,197,246.0,train,
1033,1294,86,89.0,train,
1034,1864,221,31.0,validation,
1035,1564,75,214.0,test,
1036,1386,36,41.0,train,
1037,1761,230,28.0,test,
1038,1279,107,69.0,validation,
1039,1210,135,79.0,test,
1040,2375,6,191.0,validation,
1041,1981,164,29.0,train,
1042,2233,28,17.0,train,
1043,2022,78,89.0,train,
1044,19,122,265.0,test,
1045,1250,108,192.0,test,
1046,1414,8,270.0,test,
1047,2434,189,139.0,test,
1048,43,171,259.0,test,
1049,407,279,170.0,validation,
1050,1877,71,196.0,validation,
1051,467,9,90.0,test,
1052,1598,78,212.0,test,
1053,1761,50,32.0,train,
1054,2225,87,23.0,train,
1055,1615,111,253.0,validation,
1056,1547,209,58.0,test,
1057,1883,52,7.0,test,
1058,1713,284,186.0,train,
1059,992,122,229.0,test,
1060,2403,142,88.0,train,
1061,479,5,137.0,test,
1062,879,132,237.0,train,
1063,2341,82,267.0,validation,
1064,2126,112,67.0,test,
1065,152,152,185.0,validation,
1066,1595,266,93.0,validation,
1067,2195,78,196.0,validation,
1068,2353,281,210.0,validation,
1069,343,255,57.0,validation,
1070,1536,156,133.0,train,
1071,1513,131,247.0,test,
1072,2327,286,32.0,validation,
1073,1195,270,105.0,validation,
1074,135,267,142.0,validation,
1075,853,31,224.0,train,
1076,8,283,37.0,test,
1077,1443,123,182.0,test,
1078,1430,152,249.0,validation,
1079,550,93,130.0,train,
1080,830,202,15.0,test,
1081,24,154,207.0,test,
1082,1488,173,205.0,test,
1083,680,27,115.0,test,
1084,415,62,56.0,train,
1085,165,219,255.0,train,
1086,1039,235,105.0,validation,
1087,1583,43,34.0,validation,
1088,1111,225,287.0,test,
1089,488,147,284.0,test,
1090,230,46,41.0,validation,
1091,1001,60,216.0,validation,
1092,1758,104,129.0,train,
1093,381,196,260.0,validation,
1094,2015,245,118.0,train,
1095,2500,86,285.0,test,
1096,886,45,35.0,train,
1097,1435,56,20.0,validation,
1098,117,256,59.0,validation,
1099,405,47,213.0,test,
1100,525,76,243.0,train,
1101,2347,251,277.0,validation,
1102,1746,90,72.0,test,
1103,1227,262,248.0,validation,
1104,147,133,106.0,train,
1105,1503,94,188.0,validation,
1106,443,266,247.0,validation,
1107,1482,31,186.0,validation,
1108,1830,190,1.0,train,
1109,2080,167,115.0,train,
1110,370,76,239.0,train,
1111,1172,148,287.0,validation,
1112,2352,6,134.0,train,
1113,1764,107,18.0,test,
1114,2416,102,65.0,test,
1115,1258,70,207.0,validation,
1116,1722,190,278.0,validation,
1117,1323,249,221.0,train,
1118,1453,188,39.0,test,
1119,237,227,27.0,validation,
1120,1187,60,235.0,train,
1121,2216,242,142.0,validation,
1122,2196,249,6.0,validation,
1123,2187,5,188.0,validation,
1124,916,215,218.0,validation,
1125,842,47,283.0,test,
1126,1128,158,197.0,test,
1127,1940,283,258.0,train,
1128,1959,23,280.0,test,
1129,2455,268,266.0,validation,
1130,2435,267,190.0,validation,
1131,1507,89,165.0,train,
1132,2197,14,162.0,test,
1133,1318,147,44.0,validation,
1134,1798,95,33.0,train,
1135,1050,277,273.0,validation,
1136,1653,136,93.0,validation,
1137,2063,18,103.0,test,
1138,1999,66,85.0,validation,
1139,846,68,161.0,test,
1140,269,234,123.0,train,
1141,29,125,38.0,validation,
1142,1691,172,215.0,train,
1143,602,107,152.0,test,
1144,143,278,152.0,train,
1145,38,140,232.0,validation,
1146,775,288,24.0,validation,
1147,1771,90,37.0,validation,
1148,2238,23,135.0,test,
1149,2349,58,145.0,test,
1150,825,158,77.0,train,
1151,1950,29,101.0,validation,
1152,2238,288,41.0,train,
1153,523,185,3.0,validation,
1154,2148,128,263.0,validation,
1155,1734,179,61.0,train,
1156,1680,53,127.0,train,
1157,1180,187,198.0,test,
1158,718,199,219.0,test,
1159,1107,170,22.0,train,
1160,2132,242,94.0,validation,
1161,138,62,57.0,validation,
1162,2493,171,235.0,train,
1163,1051,158,241.0,validation,
1164,1321,23,264.0,test,
1165,2227,192,96.0,test,
1166,1178,99,197.0,validation,
1167,2437,283,13.0,validation,
1168,843,107,78.0,train,
1169,159,246,200.0,train,
1170,1707,214,98.0,test,
1171,557,70,7.0,test,
1172,306,154,88.0,test,
1173,2469,133,188.0,test,
1174,1683,42,15.0,validation,
1175,593,160,58.0,train,
1176,1135,223,141.0,test,
1177,422,38,279.0,test,
1178,1831,159,273.0,train,
1179,1760,106,181.0,test,
1180,1217,162,53.0,train,
1181,1239,273,8.0,validation,
1182,1691,80,250.0,test,
1183,623,97,119.0,train,
1184,2243,127,90.0,test,
1185,1587,73,193.0,train,
1186,619,78,70.0,test,
1187,651,33,263.0,test,
1188,973,189,205.0,train,
1189,661,213,91.0,train,
1190,2349,242,212.0,test,
1191,1287,160,78.0,validation,
1192,1499,257,1.0,test,
1193,1124,153,132.0,test,
1194,1086,203,277.0,train,
1195,698,142,57.0,test,
1196,731,173,179.0,train,
1197,2499,134,286.0,validation,
1198,1279,10,263.0,validation,
1199,1927,122,176.0,train,
1200,2236,254,277.0,train,
1201,130,182,78.0,train,
1202,979,210,223.0,validation,
1203,2060,3,74.0,test,
1204,2289,245,28.0,validation,
1205,758,21,202.0,train,
1206,1273,72,138.0,test,
1207,1847,238,218.0,test,
1208,1895,228,15.0,train,
1209,911,157,155.0,train,
1210,1139,37,199.0,validation,
1211,2144,262,205.0,validation,
1212,1199,100,163.0,test,
1213,2315,46,165.0,train,
1214,1526,138,282.0,test,
1215,329,195,158.0,train,
1216,953,189,202.0,test,
1217,1064,107,110.0,test,
1218,889,271,277.0,train,
1219,2428,125,19.0,train,
1220,25,250,148.0,test,
1221,246,152,187.0,test,
1222,2052,127,221.0,validation,
1223,2134,200,36.0,validation,
1224,848,44,125.0,test,
1225,1299,248,253.0,train,
1226,1756,220,162.0,validation,
1227,2287,53,192.0,test,
1228,460,270,213.0,train,
1229,1449,268,15.0,train,
1230,900,4,117.0,test,
1231,677,2,267.0,test,
1232,1413,94,174.0,validation,
1233,1,242,39.0,test,
1234,192,104,61.0,test,
1235,2467,196,122.0,test,
1236,878,233,127.0,validation,
1237,547,57,250.0,train,
1238,2193,253,124.0,validation,
1239,2252,59,193.0,train,
1240,2184,46,125.0,train,
1241,1357,198,201.0,train,
1242,433,225,283.0,validation,
1243,212,219,121.0,train,
1244,1351,133,232.0,test,
1245,496,117,168.0,validation,
1246,1240,215,102.0,train,
1247,54,247,288.0,validation,
1248,1332,8,11.0,validation,
1249,1200,77,155.0,test,
1250,308,284,204.0,validation,
1251,1578,21,33.0,validation,
1252,1715,57,200.0,test,
1253,2394,231,164.0,validation,
1254,1125,189,243.0,validation,
1255,655,36,125.0,train,
1256,885,116,176.0,train,
1257,693,37,53.0,train,
1258,1657,127,174.0,train,
1259,2240,193,115.0,validation,
1260,296,179,103.0,validation,
1261,479,282,58.0,validation,
1262,1779,54,259.0,train,
1263,2075,207,88.0,validation,
1264,1495,219,128.0,train,
1265,2430,33,267.0,train,
1266,1419,236,17.0,test,
1267,2203,63,171.0,validation,
1268,2251,135,25.0,train,
1269,2118,142,235.0,test,
1270,2162,159,33.0,test,
1271,1203,266,233.0,test,
1272,901,233,278.0,train,
1273,233,55,110.0,validation,
1274,1741,250,228.0,test,
1275,1893,279,98.0,validation,
1276,1244,243,45.0,validation,
1277,1809,214,32.0,test,
1278,321,133,135.0,train,
1279,106,28,60.0,test,
1280,1982,104,161.0,validation,
1281,537,96,58.0,test,
1282,2336,46,222.0,test,
1283,1119,251,146.0,test,
1284,1988,203,52.0,test,
1285,2431,67,194.0,train,
1286,446,268,134.0,train,
1287,1469,213,98.0,validation,
1288,1812,157,27.0,test,
1289,317,34,194.0,train,
1290,199,122,286.0,train,
1291,724,252,283.0,validation,
1292,633,44,217.0,train,
1293,1582,270,168.0,validation,
1294,1571,95,185.0,train,
1295,879,43,93.0,test,
1296,1984,70,98.0,train,
1297,1245,54,266.0,validation,
1298,1527,123,234.0,test,
1299,1285,226,85.0,validation,
1300,1298,17,87.0,validation,
1301,1830,56,201.0,test,
1302,386,78,223.0,test,
1303,1295,179,44.0,train,
1304,729,2,212.0,train,
1305,2472,174,19.0,train,
1306,514,184,193.0,train,
1307,1497,12,202.0,test,
1308,783,88,233.0,validation,
1309,2423,18,149.0,train,
1310,1431,218,187.0,train,
1311,1821,68,189.0,validation,
1312,2251,37,139.0,test,
1313,1200,31,66.0,train,
1314,1018,134,262.0,train,
1315,140,13,77.0,train,
1316,420,236,251.0,test,
1317,1378,176,94.0,test,
1318,922,187,188.0,test,
1319,1140,269,269.0,train,
1320,1638,131,256.0,train,
1321,247,220,232.0,test,
1322,2309,124,251.0,train,
1323,1609,220,194.0,validation,
1324,2062,107,186.0,test,
1325,598,53,120.0,test,
1326,18,69,108.0,validation,
1327,1080,54,80.0,train,
1328,1782,32,237.0,validation,
1329,2220,287,73.0,validation,
1330,181,7,12.0,validation,
1331,172,173,44.0,train,
1332,889,172,283.0,test,
1333,384,24,202.0,test,
1334,193,118,30.0,train,
1335,694,263,157.0,train,
1336,537,93,94.0,test,
1337,639,197,48.0,test,
1338,2375,48,102.0,test,
1339,1466,139,153.0,train,
1340,2028,2,235.0,train,
1341,900,50,188.0,test,
1342,2402,45,191.0,test,
1343,512,69,263.0,test,
1344,384,71,162.0,test,
1345,301,35,288.0,train,
1346,1447,58,271.0,test,
1347,505,251,209.0,train,
1348,2382,265,272.0,validation,
1349,2104,95,203.0,train,
1350,25,32,106.0,validation,
1351,829,112,252.0,train,
1352,1118,130,274.0,test,
1353,2260,100,89.0,test,
1354,1640,8,265.0,validation,
1355,582,200,285.0,validation,
1356,1832,114,68.0,test,
1357,373,84,112.0,validation,
1358,298,7,38.0,train,
1359,605,159,198.0,validation,
1360,1082,154,172.0,validation,
1361,1018,78,247.0,test,
1362,1817,82,12.0,test,
1363,28,227,150.0,test,
1364,1147,284,160.0,test,
1365,636,51,99.0,validation,
1366,1791,157,273.0,train,
1367,2382,273,74.0,validation,
1368,263,66,131.0,test,
1369,1739,91,270.0,train,
1370,2398,133,163.0,validation,
1371,106,85,199.0,validation,
1372,582,83,178.0,test,
1373,1240,265,70.0,test,
1374,686,262,235.0,validation,
1375,1988,179,189.0,validation,
1376,704,87,245.0,validation,
1377,2045,156,195.0,validation,
1378,1349,65,277.0,test,
1379,2370,11,25.0,train,
1380,2256,150,285.0,train,
1381,1444,280,116.0,validation,
1382,1579,106,240.0,train,
1383,72,83,195.0,test,
1384,268,227,23.0,test,
1385,710,110,47.0,train,
1386,209,46,56.0,test,
1387,444,236,80.0,test,
1388,2133,3,10.0,test,
1389,306,163,247.0,validation,
1390,222,65,236.0,validation,
1391,1055,116,204.0,test,
1392,539,123,257.0,test,
1393,1718,124,1.0,test,
1394,1161,193,237.0,train,
1395,2374,118,10.0,train,
1396,600,7,167.0,validation,
1397,2242,56,1.0,test,
1398,2024,8,283.0,test,
1399,2183,266,132.0,test,
1400,2311,285,222.0,validation,
1401,2153,137,250.0,train,
1402,1791,12,216.0,validation,
1403,1009,38,142.0,train,
1404,1615,23,83.0,train,
1405,1921,2,211.0,validation,
1406,575,245,60.0,test,
1407,1181,55,124.0,train,
1408,2039,1,55.0,train,
1409,2448,260,250.0,test,
1410,1754,19,167.0,train,
1411,1450,81,222.0,validation,
1412,2312,133,79.0,train,
1413,1193,254,154.0,train,
1414,1302,170,170.0,train,
1415,117,61,112.0,train,
1416,640,48,57.0,validation,
1417,2273,138,204.0,test,
1418,2374,24,163.0,validation,
1419,414,76,123.0,validation,
1420,905,69,70.0,validation,
1421,2430,236,48.0,validation,
1422,457,211,204.0,train,
1423,918,88,33.0,validation,
1424,2341,9,267.0,validation,
1425,1745,183,101.0,test,
1426,8,65,177.0,test,
1427,146,248,242.0,train,
1428,273,55,139.0,train,
1429,741,152,62.0,train,
1430,1293,26,151.0,validation,
1431,1342,107,261.0,test,
1432,1849,75,32.0,test,
1433,894,216,77.0,validation,
1434,1253,129,147.0,validation,
1435,397,18,102.0,validation,
1436,813,93,261.0,validation,
1437,102,203,220.0,test,
1438,1447,235,260.0,validation,
1439,612,236,111.0,validation,
1440,514,246,5.0,test,
1441,422,182,114.0,test,
1442,1544,169,5.0,test,
1443,543,50,66.0,validation,
1444,1182,60,246.0,validation,
1445,385,263,113.0,test,
1446,1047,19,268.0,validation,
1447,1958,220,259.0,validation,
1448,1549,240,9.0,train,
1449,1822,235,140.0,test,
1450,922,132,252.0,test,
1451,807,138,198.0,validation,
1452,1715,220,184.0,validation,
1453,1094,26,5.0,test,
1454,751,24,190.0,validation,
1455,969,122,246.0,validation,
1456,1524,207,184.0,validation,
1457,703,117,201.0,train,
1458,872,171,121.0,train,
1459,1696,207,268.0,test,
1460,301,113,133.0,validation,
1461,462,114,288.0,test,
1462,164,147,133.0,test,
1463,1426,231,103.0,validation,
1464,239,58,248.0,train,
1465,842,88,200.0,train,
1466,311,233,22.0,test,
1467,1688,213,87.0,train,
1468,76,157,273.0,test,
1469,351,231,284.0,test,
1470,2130,237,65.0,validation,
1471,1058,37,52.0,validation,
1472,2168,112,14.0,train,
1473,2209,272,266.0,validation,
1474,178,30,246.0,test,
1475,169,115,222.0,train,
1476,1543,204,99.0,test,
1477,633,111,52.0,train,
1478,2485,136,209.0,test,
1479,1568,59,58.0,validation,
1480,657,267,120.0,validation,
1481,347,53,71.0,test,
1482,213,70,71.0,validation,
1483,2295,189,229.0,test,
1484,491,32,223.0,train,
1485,1957,215,131.0,validation,
1486,82,187,282.0,test,
1487,825,47,176.0,train,
1488,807,196,43.0,test,
1489,1218,66,26.0,test,
1490,1966,41,91.0,test,
1491,1094,146,57.0,validation,
1492,1757,251,39.0,validation,
1493,829,102,64.0,test,
1494,263,131,26.0,validation,
1495,249,212,128.0,test,
1496,921,268,288.0,validation,
1497,2367,269,116.0,validation,
1498,1272,136,33.0,train,
1499,1995,255,32.0,train,
1500,2195,122,272.0,validation,
1501,1877,55,45.0,test,
1502,964,125,231.0,validation,
1503,285,95,66.0,train,
1504,315,23,187.0,test,
1505,1690,121,230.0,train,
1506,811,270,123.0,train,
1507,890,136,252.0,train,
1508,2216,37,133.0,validation,
1509,583,68,264.0,test,
1510,1942,158,12.0,validation,
1511,2488,114,261.0,train,
1512,1514,251,274.0,train,
1513,528,146,15.0,validation,
1514,1213,36,209.0,train,
1515,1700,205,80.0,validation,
1516,497,101,7.0,test,
1517,2243,167,168.0,test,
1518,1614,216,249.0,test,
1519,1295,287,177.0,validation,
1520,296,1,46.0,train,
1521,72,196,38.0,validation,
1522,1730,18,124.0,validation,
1523,1201,119,189.0,test,
1524,1978,126,171.0,train,
1525,1914,49,212.0,train,
1526,431,211,59.0,validation,
1527,2175,262,189.0,test,
1528,2234,220,80.0,train,
1529,896,144,153.0,test,
1530,1553,160,160.0,train,
1531,2243,26,124.0,train,
1532,594,220,121.0,train,
1533,2279,199,194.0,test,
1534,1973,132,177.0,train,
1535,2019,13,284.0,train,
1536,162,263,146.0,validation,
1537,1158,72,133.0,train,
1538,2340,111,229.0,train,
1539,2211,54,186.0,validation,
1540,1305,249,57.0,validation,
1541,88,178,41.0,train,
1542,2378,24,92.0,test,
1543,2114,16,122.0,train,
1544,335,93,264.0,validation,
1545,1272,109,72.0,validation,
1546,598,173,115.0,test,
1547,1184,179,154.0,validation,
1548,584,50,207.0,validation,
1549,1328,235,15.0,train,
1550,44,41,243.0,validation,
1551,912,286,132.0,train,
1552,61,182,81.0,train,
1553,1740,65,227.0,test,
1554,1684,200,146.0,train,
1555,1003,50,109.0,test,
1556,560,186,170.0,train,
1557,75,46,61.0,test,
1558,2347,127,64.0,validation,
1559,2418,85,241.0,validation,
1560,820,68,122.0,test,
1561,143,120,106.0,train,
1562,551,159,204.0,validation,
1563,1585,66,137.0,test,
1564,591,31,243.0,test,
1565,2028,153,135.0,train,
1566,1281,139,256.0,test,
1567,2188,100,169.0,test,
1568,728,273,80.0,validation,
1569,1217,164,180.0,test,
1570,1193,19,119.0,test,
1571,212,34,200.0,test,
1572,293,137,249.0,validation,
1573,1990,272,3.0,test,
1574,557,84,21.0,validation,
1575,12,93,215.0,test,
1576,1562,20,193.0,train,
1577,260,101,1.0,test,
1578,2270,151,127.0,test,
1579,1441,39,10.0,test,
1580,522,118,184.0,train,
1581,190,189,99.0,train,
1582,433,28,258.0,test,
1583,2035,185,283.0,validation,
1584,159,161,206.0,validation,
1585,1302,162,230.0,validation,
1586,1295,273,137.0,validation,
1587,805,220,253.0,validation,
1588,1292,16,282.0,train,
1589,1413,41,16.0,validation,
1590,134,115,232.0,test,
1591,865,50,170.0,test,
1592,1027,14,4.0,validation,
1593,1886,70,262.0,test,
1594,1076,34,142.0,train,
1595,2311,113,167.0,validation,
1596,1623,265,72.0,test,
1597,235,56,54.0,test,
1598,124,21,129.0,validation,
1599,1715,210,89.0,test,
1600,2028,244,15.0,validation,
1601,2105,78,123.0,train,
1602,2080,161,198.0,test,
1603,2076,4,84.0,validation,
1604,1024,222,235.0,train,
1605,571,91,124.0,validation,
1606,2399,205,219.0,test,
1607,2203,81,126.0,validation,
1608,712,2,111.0,train,
1609,1883,120,114.0,test,
1610,166,165,211.0,validation,
1611,2020,145,180.0,train,
1612,1312,66,7.0,test,
1613,809,91,284.0,validation,
1614,1423,108,121.0,train,
1615,1461,273,133.0,train,
1616,340,91,46.0,test,
1617,2188,1,181.0,train,
1618,625,3,172.0,test,
1619,2475,150,237.0,validation,
1620,195,137,193.0,train,
1621,1506,136,247.0,train,
1622,1592,19,126.0,validation,
1623,1508,61,194.0,validation,
1624,640,197,88.0,validation,
1625,769,22,202.0,validation,
1626,1188,143,244.0,train,
1627,1947,245,269.0,test,
1628,406,249,239.0,test,
1629,1091,179,248.0,train,
1630,730,100,176.0,train,
1631,1638,49,240.0,validation,
1632,1670,221,63.0,train,
1633,879,261,49.0,test,
1634,1872,36,216.0,test,
1635,1804,186,80.0,test,
1636,2186,195,39.0,test,
1637,2151,45,232.0,validation,
1638,404,168,244.0,validation,
1639,824,155,12.0,validation,
1640,2408,178,41.0,validation,
1641,1336,115,189.0,test,
1642,1862,63,174.0,train,
1643,2154,128,185.0,validation,
1644,736,167,133.0,test,
1645,477,59,3.0,test,
1646,2321,230,130.0,validation,
1647,2089,87,142.0,test,
1648,1421,221,107.0,validation,
1649,2054,165,191.0,test,
1650,2437,63,182.0,test,
1651,145,32,42.0,test,
1652,1255,255,147.0,test,
1653,841,215,229.0,train,
1654,1996,213,247.0,validation,
1655,818,33,70.0,train,
1656,1465,32,7.0,train,
1657,663,188,58.0,test,
1658,529,207,85.0,validation,
1659,915,67,99.0,validation,
1660,555,23,38.0,test,
1661,232,266,109.0,test,
1662,1875,262,53.0,validation,
1663,2377,281,152.0,train,
1664,1410,56,157.0,test,
1665,132,149,75.0,validation,
1666,2440,248,147.0,validation,
1667,540,254,235.0,train,
1668,424,108,280.0,validation,
1669,1350,123,154.0,test,
1670,834,141,195.0,validation,
1671,2059,22,197.0,test,
1672,1242,261,262.0,test,
1673,2415,134,280.0,test,
1674,1014,171,208.0,test,
1675,320,148,246.0,train,
1676,2347,137,104.0,test,
1677,1201,18,215.0,test,
1678,2320,51,84.0,train,
1679,973,57,27.0,test,
1680,1117,199,109.0,test,
1681,2222,228,255.0,train,
1682,644,145,147.0,validation,
1683,182,236,22.0,train,
1684,2048,88,248.0,validation,
1685,1017,267,33.0,test,
1686,616,2,167.0,test,
1687,509,12,183.0,train,
1688,217,60,238.0,test,
1689,1432,37,272.0,test,
1690,1119,10,150.0,test,
1691,1017,43,99.0,train,
1692,657,209,265.0,train,
1693,688,205,252.0,train,
1694,1373,125,172.0,test,
1695,959,152,46.0,train,
1696,410,81,117.0,test,
1697,1481,236,61.0,test,
1698,2226,57,23.0,validation,
1699,1913,263,198.0,train,
1700,1164,271,46.0,test,
1701,1171,286,101.0,test,
1702,1283,189,68.0,test,
1703,1915,228,238.0,train,
1704,2335,252,279.0,test,
1705,209,43,238.0,train,
1706,206,196,260.0,train,
1707,2060,287,100.0,test,
1708,2316,144,259.0,train,
1709,104,173,264.0,test,
1710,2056,43,278.0,validation,
1711,575,122,149.0,train,
1712,306,75,63.0,train,
1713,2071,252,38.0,validation,
1714,1011,103,127.0,train,
1715,1212,96,204.0,test,
1716,1009,226,181.0,train,
1717,980,179,285.0,validation,
1718,713,200,212.0,validation,
1719,1277,258,25.0,test,
1720,1286,134,47.0,test,
1721,1110,264,40.0,validation,
1722,1352,244,271.0,test,
1723,1362,79,150.0,validation,
1724,297,32,6.0,validation,
1725,2176,163,188.0,validation,
1726,1275,160,113.0,train,
1727,1521,49,104.0,test,
1728,2107,17,248.0,train,
1729,546,154,79.0,train,
1730,809,65,166.0,train,
1731,1339,121,67.0,test,
1732,574,126,86.0,train,
1733,1990,59,135.0,test,
1734,676,223,253.0,train,
1735,1324,152,226.0,validation,
1736,2249,204,226.0,validation,
1737,1676,30,283.0,train,
1738,2212,25,143.0,train,
1739,2,157,5.0,test,
1740,1210,102,92.0,validation,
1741,2049,74,285.0,test,
1742,796,77,101.0,train,
1743,716,204,99.0,train,
1744,1494,14,85.0,train,
1745,1670,193,159.0,validation,
1746,1649,20,261.0,validation,
1747,272,126,97.0,train,
1748,719,78,12.0,validation,
1749,782,23,159.0,validation,
1750,591,35,13.0,train,
1751,381,212,185.0,test,
1752,747,18,135.0,test,
1753,1909,229,68.0,train,
1754,1735,220,58.0,validation,
1755,243,172,142.0,test,
1756,894,106,152.0,test,
1757,1171,204,59.0,validation,
1758,1492,215,214.0,train,
1759,2269,133,284.0,validation,
1760,507,131,125.0,train,
1761,621,82,185.0,validation,
1762,1587,83,274.0,train,
1763,90,48,179.0,train,
1764,529,208,74.0,validation,
1765,160,224,157.0,validation,
1766,2289,100,68.0,validation,
1767,2001,187,252.0,validation,
1768,185,235,15.0,test,
1769,2408,60,228.0,train,
1770,954,30,192.0,train,
1771,592,177,115.0,test,
1772,1921,121,232.0,train,
1773,1953,186,70.0,test,
1774,444,94,45.0,test,
1775,352,10,132.0,test,
1776,1495,227,208.0,validation,
1777,251,22,142.0,test,
1778,1553,197,103.0,test,
1779,2029,124,242.0,validation,
1780,340,273,129.0,test,
1781,1759,138,87.0,test,
1782,2120,175,190.0,test,
1783,2225,111,108.0,validation,
1784,1167,233,49.0,test,
1785,898,60,33.0,train,
1786,201,58,195.0,validation,
1787,2292,275,174.0,validation,
1788,181,10,137.0,train,
1789,2278,233,59.0,test,
1790,2034,71,24.0,validation,
1791,1960,115,160.0,train,
1792,602,195,165.0,train,
1793,1462,160,26.0,test,
1794,365,76,133.0,test,
1795,1066,9,161.0,validation,
1796,1662,200,127.0,validation,
1797,210,280,67.0,test,
1798,2270,106,52.0,test,
1799,1571,145,103.0,validation,
1800,1889,52,37.0,validation,
1801,354,86,262.0,validation,
1802,1059,221,104.0,validation,
1803,231,36,125.0,test,
1804,1885,84,280.0,test,
1805,1289,277,203.0,validation,
1806,1292,223,216.0,test,
1807,1303,163,94.0,validation,
1808,2387,117,251.0,train,
1809,666,20,127.0,test,
1810,1074,163,39.0,train,
1811,166,140,166.0,validation,
1812,905,63,22.0,train,
1813,1575,44,280.0,test,
1814,1185,233,219.0,train,
1815,1954,115,1.0,validation,
1816,22,102,11.0,train,
1817,1191,27,146.0,test,
1818,1499,199,166.0,validation,
1819,450,68,159.0,validation,
1820,1654,67,242.0,validation,
1821,1179,258,282.0,test,
1822,2059,17,139.0,train,
1823,663,173,188.0,train,
1824,1254,288,124.0,validation,
1825,55,44,187.0,train,
1826,890,75,179.0,validation,
1827,1509,160,229.0,train,
1828,1921,79,169.0,validation,
1829,1431,113,195.0,test,
1830,2272,94,31.0,validation,
1831,758,184,152.0,train,
1832,2481,98,13.0,train,
1833,2058,268,85.0,train,
1834,1618,142,42.0,test,
1835,468,167,123.0,validation,
1836,2,102,4.0,train,
1837,1509,176,133.0,validation,
1838,1667,186,80.0,validation,
1839,1121,94,259.0,train,
1840,2046,170,144.0,train,
1841,272,89,97.0,validation,
1842,887,7,91.0,train,
1843,2323,148,41.0,train,
1844,1470,159,166.0,test,
1845,35,142,132.0,test,
1846,318,121,174.0,validation,
1847,1832,47,78.0,test,
1848,332,141,189.0,validation,
1849,585,231,243.0,validation,
1850,1769,76,278.0,validation,
1851,2032,225,53.0,validation,
1852,757,86,65.0,validation,
1853,1543,256,153.0,test,
1854,2347,93,126.0,train,
1855,2000,217,23.0,validation,
1856,1307,254,205.0,validation,
1857,1641,147,56.0,validation,
1858,1719,170,165.0,test,
1859,685,107,236.0,validation,
1860,1255,128,107.0,train,
1861,2248,202,247.0,validation,
1862,1080,34,160.0,test,
1863,313,24,146.0,validation,
1864,1782,160,107.0,test,
1865,835,76,126.0,validation,
1866,1898,13,255.0,test,
1867,1958,113,138.0,validation,
1868,39,115,241.0,train,
1869,2007,191,90.0,test,
1870,1198,253,269.0,test,
1871,2487,118,99.0,test,
1872,1433,69,38.0,test,
1873,1276,86,111.0,test,
1874,359,281,176.0,test,
1875,1290,174,237.0,validation,
1876,2357,92,233.0,test,
1877,214,95,29.0,validation,
1878,416,196,85.0,validation,
1879,214,214,276.0,validation,
1880,2108,64,94.0,validation,
1881,1099,219,106.0,validation,
1882,2028,50,250.0,train,
1883,2243,57,127.0,train,
1884,1512,248,184.0,test,
1885,1954,64,161.0,test,
1886,32,195,105.0,validation,
1887,1333,94,268.0,train,
1888,1861,75,184.0,train,
1889,1585,46,174.0,test,
1890,1252,51,173.0,validation,
1891,2277,232,256.0,train,
1892,2004,203,110.0,train,
1893,499,66,284.0,validation,
1894,1867,90,81.0,test,
1895,1774,140,126.0,train,
1896,944,121,140.0,train,
1897,218,164,268.0,validation,
1898,1968,155,251.0,validation,
1899,1186,68,260.0,test,
1900,1528,148,25.0,test,
1901,611,208,246.0,train,
1902,115,127,162.0,test,
1903,2109,75,119.0,train,
1904,433,178,286.0,test,
1905,2383,13,263.0,test,
1906,2328,64,82.0,test,
1907,1899,6,248.0,validation,
1908,2235,256,15.0,train,
1909,977,26,19.0,validation,
1910,345,51,88.0,test,
1911,948,100,148.0,test,
1912,608,209,4.0,train,
1913,2027,30,104.0,test,
1914,1911,180,146.0,validation,
1915,644,216,77.0,validation,
1916,26,56,57.0,validation,
1917,725,208,196.0,train,
1918,2106,120,79.0,train,
1919,862,180,52.0,train,
1920,2164,2,171.0,validation,
1921,433,68,99.0,test,
1922,25,202,227.0,test,
1923,1918,60,127.0,train,
1924,267,285,155.0,train,
1925,1352,47,146.0,train,
1926,953,202,205.0,train,
1927,2123,188,104.0,train,
1928,577,268,45.0,train,
1929,2328,190,67.0,validation,
1930,1360,42,57.0,validation,
1931,979,31,127.0,test,
1932,1372,1,150.0,test,
1933,955,30,133.0,validation,
1934,317,257,98.0,train,
1935,1331,77,87.0,train,
1936,1568,124,239.0,validation,
1937,2147,253,171.0,train,
1938,1627,133,139.0,validation,
1939,2029,45,84.0,test,
1940,1284,97,147.0,validation,
1941,2482,44,135.0,train,
1942,1825,219,210.0,test,
1943,1511,56,106.0,test,
1944,2012,42,10.0,validation,
1945,544,255,242.0,test,
1946,1330,20,247.0,train,
1947,133,247,205.0,validation,
1948,217,48,261.0,train,
1949,2001,76,86.0,train,
1950,2118,166,94.0,train,
1951,804,93,101.0,validation,
1952,955,179,111.0,train,
1953,62,285,275.0,train,
1954,29,242,45.0,train,
1955,2274,266,158.0,validation,
1956,1757,232,234.0,train,
1957,6,270,254.0,train,
1958,1233,240,1.0,train,
1959,375,133,46.0,validation,
1960,154,251,60.0,test,
1961,507,67,140.0,validation,
1962,432,125,49.0,validation,
1963,704,193,70.0,test,
1964,989,274,197.0,test,
1965,1167,229,274.0,train,
1966,718,258,255.0,test,
1967,1389,55,14.0,validation,
1968,1539,28,282.0,validation,
1969,229,3,168.0,test,
1970,1051,184,217.0,test,
1971,459,209,144.0,validation,
1972,1847,216,107.0,validation,
1973,1428,105,176.0,train,
1974,142,42,71.0,train,
1975,389,223,4.0,validation,
1976,677,135,196.0,test,
1977,2074,184,167.0,validation,
1978,80,15,80.0,train,
1979,47,126,161.0,validation,
1980,897,190,72.0,test,
1981,96,243,95.0,validation,
1982,1977,127,269.0,validation,
1983,1832,262,179.0,validation,
1984,2196,130,150.0,validation,
1985,1752,157,228.0,validation,
1986,2233,242,39.0,test,
1987,2241,65,233.0,train,
1988,1371,276,209.0,test,
1989,337,74,99.0,test,
1990,88,40,213.0,test,
1991,1003,213,266.0,train,
1992,1769,13,101.0,test,
1993,73,72,253.0,test,
1994,1184,94,2.0,test,
1995,1776,101,276.0,test,
1996,2189,111,26.0,validation,
1997,2474,107,124.0,test,
1998,82,164,30.0,train,
1999,2423,31,131.0,test,
2000,83,150,88.0,train,
2001,601,164,248.0,validation,
2002,134,277,229.0,test,
2003,481,95,71.0,train,
2004,993,62,7.0,validation,
2005,1172,221,6.0,validation,
2006,2362,59,231.0,validation,
2007,1699,77,246.0,train,
2008,238,252,282.0,validation,
2009,569,264,284.0,test,
2010,2457,140,71.0,train,
2011,591,14,275.0,validation,
2012,82,257,197.0,test,
2013,1980,103,252.0,test,
2014,2201,90,67.0,train,
2015,1540,268,241.0,test,
2016,1163,40,30.0,validation,
2017,2429,170,283.0,validation,
2018,2367,249,51.0,validation,
2019,1896,168,180.0,validation,
2020,1594,53,211.0,test,
2021,549,128,268.0,validation,
2022,891,211,153.0,validation,
2023,1559,127,150.0,test,
2024,1978,224,108.0,validation,
2025,1955,275,185.0,test,
2026,640,182,94.0,test,
2027,1212,76,115.0,test,
2028,754,180,222.0,test,
2029,94,46,144.0,validation,
2030,1383,182,230.0,train,
2031,683,37,237.0,validation,
2032,624,101,207.0,test,
2033,988,89,13.0,train,
2034,91,126,185.0,validation,
2035,2467,184,100.0,validation,
2036,718,221,179.0,train,
2037,1523,173,28.0,test,
2038,1265,107,286.0,train,
2039,1216,135,166.0,validation,
2040,1064,192,231.0,validation,
2041,1957,44,97.0,validation,
2042,597,27,168.0,train,
2043,1278,123,106.0,validation,
2044,219,83,93.0,train,
2045,2382,169,76.0,test,
2046,2018,5,113.0,validation,
2047,751,40,205.0,train,
2048,1581,102,152.0,train,
2049,1881,228,72.0,test,
2050,904,53,168.0,test,
2051,31,273,49.0,train,
2052,3,94,57.0,train,
2053,491,4,121.0,test,
2054,835,28,62.0,test,
2055,1392,26,214.0,test,
2056,129,281,122.0,validation,
2057,1654,13,247.0,test,
2058,2343,119,157.0,validation,
2059,1286,146,28.0,validation,
2060,1613,145,31.0,test,
2061,1620,185,99.0,test,
2062,1976,76,194.0,validation,
2063,2419,225,41.0,test,
2064,1487,137,238.0,train,
2065,1452,38,46.0,train,
2066,1557,230,2.0,train,
2067,956,31,6.0,train,
2068,2194,26,143.0,train,
2069,1690,131,167.0,test,
2070,2075,169,137.0,train,
2071,1660,30,245.0,validation,
2072,1463,14,228.0,train,
2073,1518,280,183.0,validation,
2074,1282,55,84.0,train,
2075,2405,221,31.0,validation,
2076,900,142,118.0,test,
2077,291,198,208.0,validation,
2078,1287,259,144.0,test,
2079,1663,73,112.0,validation,
2080,1040,206,59.0,test,
2081,1701,212,171.0,test,
2082,346,19,228.0,train,
2083,229,183,161.0,validation,
2084,1577,130,126.0,test,
2085,1670,181,47.0,train,
2086,1708,284,20.0,train,
2087,793,104,146.0,train,
2088,2376,18,89.0,validation,
2089,1178,37,126.0,train,
2090,2465,20,105.0,train,
2091,465,53,192.0,train,
2092,110,6,275.0,test,
2093,1206,244,227.0,test,
2094,2174,262,101.0,validation,
2095,247,271,141.0,test,
2096,603,229,11.0,validation,
2097,2007,16,89.0,train,
2098,520,11,155.0,test,
2099,1873,280,172.0,train,
2100,2481,109,139.0,validation,
2101,358,148,195.0,test,
2102,1257,29,82.0,validation,
2103,1804,193,120.0,test,
2104,112,105,121.0,validation,
2105,171,131,60.0,validation,
2106,1164,137,217.0,train,
2107,1628,15,183.0,train,
2108,1153,177,266.0,train,
2109,2200,237,163.0,test,
2110,1180,247,71.0,test,
2111,961,283,80.0,test,
2112,1993,61,59.0,train,
2113,2254,193,171.0,train,
2114,989,81,44.0,validation,
2115,2115,96,38.0,validation,
2116,2238,136,253.0,validation,
2117,1223,287,105.0,validation,
2118,1626,266,17.0,validation,
2119,1718,199,51.0,validation,
2120,1190,173,72.0,test,
2121,41,221,40.0,train,
2122,632,200,265.0,test,
2123,2283,142,209.0,validation,
2124,102,40,147.0,train,
2125,747,227,239.0,train,
2126,371,65,278.0,validation,
2127,2453,110,102.0,test,
2128,671,9,133.0,train,
2129,32,176,283.0,validation,
2130,1208,114,36.0,test,
2131,1355,86,257.0,test,
2132,2498,208,176.0,validation,
2133,1364,17,227.0,test,
2134,1526,114,286.0,test,
2135,1894,5,193.0,validation,
2136,1717,281,101.0,train,
2137,492,195,91.0,validation,
2138,315,219,193.0,train,
2139,1720,161,10.0,validation,
2140,1186,155,273.0,test,
2141,1167,250,91.0,train,
2142,237,143,216.0,test,
2143,299,8,275.0,test,
2144,1352,220,211.0,validation,
2145,1826,205,14.0,validation,
2146,545,209,191.0,test,
2147,2,278,206.0,train,
2148,866,227,9.0,train,
2149,281,139,20.0,validation,
2150,113,274,218.0,validation,
2151,1655,134,75.0,train,
2152,1907,260,31.0,test,
2153,2202,30,3.0,validation,
2154,2046,185,74.0,validation,
2155,172,226,227.0,train,
2156,1509,238,145.0,validation,
2157,304,214,150.0,train,
2158,1472,195,126.0,validation,
2159,900,77,283.0,test,
2160,660,213,275.0,train,
2161,1447,221,260.0,validation,
2162,2074,101,140.0,validation,
2163,1432,114,102.0,train,
2164,1643,2,4.0,test,
2165,1280,194,77.0,test,
2166,393,83,153.0,train,
2167,1429,207,97.0,test,
2168,987,144,247.0,test,
2169,281,125,125.0,test,
2170,653,148,200.0,test,
2171,1947,262,46.0,train,
2172,917,124,123.0,test,
2173,1816,235,39.0,test,
2174,2423,178,36.0,train,
2175,1000,26,204.0,train,
2176,936,114,2.0,validation,
2177,1496,262,12.0,validation,
2178,1336,49,150.0,validation,
2179,2122,207,27.0,validation,
2180,1004,210,218.0,test,
2181,813,287,110.0,test,
2182,412,140,46.0,test,
2183,634,284,141.0,train,
2184,1923,106,261.0,test,
2185,932,127,166.0,validation,
2186,1453,55,29.0,test,
2187,1168,37,265.0,test,
2188,2159,94,67.0,test,
2189,400,278,89.0,test,
2190,1111,4,252.0,test,
2191,1521,122,34.0,test,
2192,2209,142,251.0,test,
2193,1149,217,218.0,test,
2194,522,272,239.0,validation,
2195,1161,242,194.0,test,
2196,961,90,118.0,validation,
2197,142,175,288.0,test,
2198,332,39,99.0,train,
2199,377,269,17.0,test,
2200,296,212,235.0,train,
2201,382,185,163.0,train,
2202,2082,104,127.0,test,
2203,971,119,205.0,test,
2204,419,279,43.0,validation,
2205,1604,197,102.0,train,
2206,565,235,250.0,test,
2207,790,32,187.0,test,
2208,1817,113,159.0,validation,
2209,839,159,165.0,validation,
2210,1780,171,253.0,train,
2211,991,251,164.0,validation,
2212,2058,231,271.0,validation,
2213,389,276,225.0,validation,
2214,574,218,268.0,train,
2215,1537,25,281.0,validation,
2216,2264,268,178.0,train,
2217,1040,251,62.0,test,
2218,1369,185,174.0,validation,
2219,1545,117,10.0,train,
2220,806,201,209.0,validation,
2221,2097,96,153.0,train,
2222,234,136,55.0,validation,
2223,2089,175,37.0,train,
2224,1377,42,226.0,test,
2225,2177,39,236.0,validation,
2226,1151,15,205.0,validation,
2227,2004,173,59.0,train,
2228,393,254,218.0,validation,
2229,1181,105,157.0,train,
2230,2241,186,203.0,train,
2231,2372,163,288.0,train,
2232,671,39,212.0,validation,
2233,732,94,40.0,test,
2234,26,55,286.0,test,
2235,2324,88,82.0,validation,
2236,1766,110,232.0,test,
2237,616,139,143.0,train,
2238,342,12,21.0,test,
2239,1272,7,48.0,validation,
2240,1027,109,233.0,train,
2241,264,153,36.0,validation,
2242,1127,185,243.0,train,
2243,1605,156,140.0,test,
2244,2054,19,201.0,test,
2245,1801,236,271.0,validation,
2246,1350,238,57.0,validation,
2247,68,99,78.0,validation,
2248,2099,103,245.0,train,
2249,2353,134,191.0,train,
2250,809,41,85.0,test,
2251,2389,280,26.0,test,
2252,1138,183,142.0,train,
2253,466,72,26.0,validation,
2254,330,115,212.0,train,
2255,2383,95,79.0,validation,
2256,1036,213,165.0,test,
2257,1955,167,276.0,test,
2258,1285,162,146.0,test,
2259,1664,100,233.0,test,
2260,2342,224,65.0,validation,
2261,1795,174,154.0,train,
2262,482,107,284.0,train,
2263,2121,174,168.0,test,
2264,897,27,22.0,test,
2265,646,283,78.0,train,
2266,271,193,268.0,validation,
2267,798,242,44.0,test,
2268,2426,186,285.0,test,
2269,1338,45,242.0,test,
2270,2342,285,278.0,validation,
2271,442,246,60.0,validation,
2272,1080,267,240.0,validation,
2273,304,271,212.0,train,
2274,1269,224,71.0,test,
2275,780,150,185.0,train,
2276,1278,70,136.0,train,
2277,1933,14,219.0,train,
2278,767,76,33.0,train,
2279,380,28,161.0,test,
2280,889,214,111.0,train,
2281,152,101,6.0,test,
2282,112,229,253.0,test,
2283,227,212,259.0,train,
2284,825,202,78.0,validation,
2285,1882,132,138.0,validation,
2286,2184,66,54.0,train,
2287,2369,80,279.0,train,
2288,2492,91,231.0,train,
2289,630,180,21.0,validation,
2290,1097,285,101.0,train,
2291,603,113,283.0,validation,
2292,1827,164,22.0,train,
2293,2207,229,52.0,validation,
2294,25,194,127.0,test,
2295,584,8,183.0,train,
2296,1310,143,149.0,test,
2297,1347,146,26.0,train,
2298,1292,61,150.0,test,
2299,94,129,229.0,test,
2300,1638,206,147.0,train,
2301,994,233,141.0,validation,
2302,401,131,41.0,validation,
2303,1835,283,58.0,validation,
2304,1905,263,168.0,test,
2305,2364,26,17.0,train,
2306,706,277,220.0,test,
2307,564,195,106.0,test,
2308,1079,81,97.0,validation,
2309,2300,50,263.0,test,
2310,1350,11,57.0,test,
2311,239,281,120.0,validation,
2312,1698,119,286.0,validation,
2313,369,206,50.0,train,
2314,2219,132,59.0,train,
2315,2284,91,118.0,test,
2316,1716,31,244.0,test,
2317,1910,130,206.0,validation,
2318,106,104,186.0,train,
2319,1633,283,254.0,validation,
2320,1544,124,72.0,train,
2321,120,252,161.0,validation,
2322,526,132,179.0,test,
2323,1899,192,226.0,test,
2324,751,82,15.0,train,
2325,1356,115,251.0,train,
2326,1470,165,153.0,test,
2327,285,97,242.0,test,
2328,37,32,233.0,test,
2329,2263,203,11.0,train,
2330,105,45,266.0,validation,
2331,2343,30,223.0,train,
2332,1901,31,177.0,train,
2333,1354,225,29.0,train,
2334,2179,110,92.0,test,
2335,1106,6,133.0,train,
2336,490,256,130.0,train,
2337,1299,274,219.0,train,
2338,856,235,2.0,validation,
2339,1584,87,258.0,train,
2340,460,278,195.0,train,
2341,1723,174,147.0,test,
2342,1174,84,21.0,validation,
2343,1799,106,50.0,test,
2344,65,229,89.0,test,
2345,1768,94,193.0,test,
2346,163,52,22.0,validation,
2347,1388,28,250.0,validation,
2348,1340,172,7.0,test,
2349,1052,115,198.0,validation,
2350,1818,283,281.0,test,
2351,1624,209,45.0,validation,
2352,1661,159,179.0,test,
2353,198,97,266.0,train,
2354,822,201,70.0,test,
2355,286,158,75.0,validation,
2356,909,141,126.0,train,
2357,1751,262,113.0,validation,
2358,2043,83,123.0,test,
2359,2437,123,162.0,test,
2360,1448,217,261.0,validation,
2361,1165,77,117.0,train,
2362,528,186,287.0,validation,
2363,1566,112,15.0,train,
2364,1283,206,188.0,validation,
2365,2318,251,240.0,train,
2366,1056,266,121.0,train,
2367,2083,135,14.0,test,
2368,2466,86,243.0,validation,
2369,164,259,18.0,validation,
2370,1542,72,180.0,validation,
2371,785,150,86.0,test,
2372,1790,256,1.0,test,
2373,341,114,156.0,test,
2374,724,167,123.0,validation,
2375,776,151,20.0,validation,
2376,661,48,103.0,validation,
2377,1476,158,43.0,validation,
2378,1618,210,76.0,test,
2379,1715,154,240.0,test,
2380,1712,181,87.0,validation,
2381,328,226,75.0,train,
2382,1018,1,106.0,validation,
2383,2268,50,154.0,validation,
2384,1043,98,17.0,train,
2385,1268,113,52.0,train,
2386,2245,269,183.0,validation,
2387,581,226,97.0,validation,
2388,2387,211,164.0,validation,
2389,850,78,21.0,test,
2390,1265,268,231.0,train,
2391,2436,89,247.0,test,
2392,2365,64,237.0,test,
2393,33,249,155.0,test,
2394,1765,143,135.0,test,
2395,943,111,156.0,train,
2396,508,170,15.0,test,
2397,220,67,109.0,train,
2398,1720,55,122.0,train,
2399,1336,215,151.0,validation,
2400,495,177,247.0,test,
2401,823,136,2.0,validation,
2402,2374,268,86.0,train,
2403,1101,146,76.0,validation,
2404,1658,53,29.0,train,
2405,968,251,139.0,train,
2406,488,133,287.0,train,
2407,2152,64,74.0,train,
2408,2099,66,51.0,test,
2409,1678,212,129.0,test,
2410,1839,127,38.0,test,
2411,722,183,188.0,test,
2412,184,82,282.0,test,
2413,1266,128,286.0,validation,
2414,258,5,205.0,train,
2415,217,174,147.0,test,
2416,629,31,229.0,validation,
2417,1286,27,277.0,validation,
2418,57,132,126.0,validation,
2419,1919,72,207.0,validation,
2420,1880,5,143.0,train,
2421,1225,270,175.0,validation,
2422,2273,143,70.0,test,
2423,1368,163,102.0,validation,
2424,1877,186,17.0,train,
2425,2460,247,222.0,validation,
2426,1687,144,69.0,validation,
2427,1343,21,9.0,test,
2428,169,164,94.0,validation,
2429,286,234,119.0,validation,
2430,372,177,11.0,validation,
2431,2184,271,124.0,test,
2432,15,146,208.0,test,
2433,656,86,86.0,test,
2434,1300,214,65.0,train,
2435,1873,25,16.0,train,
2436,915,153,83.0,train,
2437,558,214,86.0,validation,
2438,325,66,187.0,train,
2439,472,277,155.0,test,
2440,584,267,141.0,train,
2441,186,184,99.0,train,
2442,1083,260,24.0,validation,
2443,2026,197,127.0,validation,
2444,1328,228,55.0,train,
2445,951,263,263.0,validation,
2446,742,46,129.0,validation,
2447,788,45,68.0,test,
2448,2064,252,4.0,validation,
2449,1721,14,215.0,train,
2450,2147,41,271.0,validation,
2451,90,202,213.0,validation,
2452,791,265,240.0,validation,
2453,417,253,148.0,test,
2454,1530,85,132.0,test,
2455,1176,70,139.0,test,
2456,436,88,8.0,test,
2457,262,101,168.0,train,
2458,1898,9,7.0,train,
2459,1375,57,239.0,train,
2460,1888,149,225.0,validation,
2461,1990,261,9.0,validation,
2462,2107,115,205.0,validation,
2463,1877,213,186.0,train,
2464,2178,140,54.0,validation,
2465,1578,9,268.0,train,
2466,414,111,276.0,train,
2467,277,287,247.0,train,
2468,1267,25,171.0,validation,
2469,2347,180,195.0,test,
2470,828,14,198.0,validation,
2471,482,94,227.0,train,
2472,1679,122,32.0,test,
2473,456,243,128.0,test,
2474,1334,272,74.0,test,
2475,355,274,43.0,validation,
2476,1518,120,17.0,train,
2477,2304,215,66.0,validation,
2478,1458,231,185.0,train,
2479,384,178,107.0,test,
2480,358,36,48.0,train,
2481,1381,162,218.0,test,
2482,2065,92,267.0,train,
2483,2396,122,41.0,validation,
2484,791,148,78.0,validation,
2485,1760,276,264.0,test,
2486,1365,12,205.0,train,
2487,1933,49,136.0,train,
2488,1133,92,113.0,validation,
2489,2465,240,230.0,validation,
2490,254,84,244.0,test,
2491,32,234,27.0,validation,
2492,2466,57,89.0,test,
2493,1343,203,7.0,train,
2494,962,28,210.0,test,
2495,1567,283,184.0,train,
2496,561,163,118.0,train,
2497,676,283,233.0,validation,
2498,2118,268,11.0,train,
2499,445,274,24.0,test,
2500,1714,1,268.0,test,
2501,450,225,56.0,test,
2502,2418,173,31.0,test,
2503,819,187,231.0,train,
2504,1214,223,225.0,validation,
2505,1479,228,82.0,train,
2506,1236,274,31.0,validation,
2507,302,184,245.0,validation,
2508,2104,272,66.0,train,
2509,553,20,287.0,validation,
2510,1721,165,46.0,test,
2511,724,59,44.0,validation,
2512,1701,235,55.0,validation,
2513,1353,78,81.0,validation,
2514,1605,152,257.0,test,
2515,2323,242,82.0,validation,
2516,1763,166,135.0,test,
2517,198,235,70.0,test,
2518,1504,187,190.0,train,
2519,2181,117,230.0,train,
2520,1529,220,126.0,test,
2521,2145,74,256.0,validation,
2522,1860,208,105.0,train,
2523,44,275,279.0,train,
2524,1694,60,218.0,test,
2525,770,272,208.0,validation,
2526,522,276,115.0,validation,
2527,2217,287,113.0,train,
2528,31,2,219.0,test,
2529,2342,272,44.0,train,
2530,45,63,65.0,train,
2531,1372,35,202.0,train,
2532,1030,34,205.0,test,
2533,1331,18,220.0,train,
2534,605,144,286.0,train,
2535,207,267,86.0,validation,
2536,1586,258,12.0,train,
2537,904,139,133.0,test,
2538,1627,20,113.0,test,
2539,29,243,130.0,test,
2540,757,191,83.0,validation,
2541,968,33,95.0,train,
2542,2487,275,76.0,test,
2543,562,213,207.0,test,
2544,1107,60,37.0,validation,
2545,252,214,131.0,train,
2546,1985,202,17.0,validation,
2547,967,108,62.0,train,
2548,16,193,97.0,validation,
2549,2212,233,178.0,train,
2550,1623,254,96.0,validation,
2551,150,272,156.0,test,
2552,550,99,3.0,validation,
2553,1650,227,34.0,validation,
2554,2052,59,204.0,validation,
2555,1390,204,261.0,test,
2556,468,258,283.0,train,
2557,834,115,45.0,validation,
2558,132,76,178.0,validation,
2559,1572,145,19.0,test,
2560,1088,90,168.0,test,
2561,186,186,251.0,validation,
2562,1304,183,145.0,train,
2563,1061,71,129.0,validation,
2564,1982,288,90.0,test,
2565,987,38,123.0,test,
2566,979,125,280.0,validation,
2567,2232,11,256.0,test,
2568,1924,182,209.0,test,
2569,742,187,22.0,train,
2570,745,13,39.0,validation,
2571,1113,183,115.0,validation,
2572,849,64,280.0,validation,
2573,408,20,174.0,train,
2574,1179,35,173.0,validation,
2575,1923,241,183.0,train,
2576,2430,259,286.0,validation,
2577,2055,150,110.0,validation,
2578,571,50,20.0,test,
2579,1202,255,141.0,train,
2580,448,194,260.0,validation,
2581,1014,257,60.0,validation,
2582,1263,231,260.0,test,
2583,2488,222,113.0,validation,
2584,541,221,129.0,train,
2585,462,94,59.0,validation,
2586,1737,73,46.0,train,
2587,2200,201,182.0,train,
2588,1592,95,287.0,test,
2589,558,215,104.0,train,
2590,1974,41,51.0,train,
2591,670,142,206.0,test,
2592,1828,251,222.0,validation,
2593,2396,106,261.0,test,
2594,1317,2,57.0,test,
2595,2453,118,245.0,test,
2596,234,228,13.0,validation,
2597,1897,50,173.0,validation,
2598,1702,131,143.0,test,
2599,1099,156,146.0,test,
2600,735,125,24.0,train,
2601,1422,176,86.0,train,
2602,1961,188,197.0,train,
2603,1626,67,17.0,validation,
2604,2272,138,88.0,test,
2605,623,4,15.0,test,
2606,1500,74,110.0,validation,
2607,1325,265,9.0,train,
2608,95,114,71.0,validation,
2609,192,15,100.0,train,
2610,200,259,219.0,train,
2611,2366,184,69.0,validation,
2612,443,185,159.0,validation,
2613,369,143,170.0,test,
2614,527,260,78.0,train,
2615,1364,115,45.0,test,
2616,2266,255,9.0,train,
2617,1743,233,8.0,validation,
2618,2250,78,263.0,train,
2619,1375,238,108.0,validation,
2620,1775,216,59.0,validation,
2621,771,227,226.0,train,
2622,119,190,161.0,validation,
2623,2280,44,22.0,test,
2624,2399,132,115.0,test,
2625,1382,51,126.0,validation,
2626,1026,279,174.0,validation,
2627,509,221,170.0,validation,
2628,1389,196,137.0,test,
2629,1155,52,257.0,train,
2630,1894,262,96.0,train,
2631,271,175,75.0,test,
2632,876,61,145.0,validation,
2633,1641,65,151.0,train,
2634,64,20,55.0,validation,
2635,1049,79,41.0,validation,
2636,1506,134,282.0,validation,
2637,1728,261,143.0,test,
2638,1232,127,56.0,validation,
2639,2037,162,137.0,validation,
2640,173,278,221.0,test,
2641,1843,184,189.0,validation,
2642,135,152,186.0,validation,
2643,1190,231,238.0,test,
2644,1766,96,100.0,test,
2645,1200,222,107.0,validation,
2646,2045,133,1.0,train,
2647,1775,273,167.0,validation,
2648,1529,248,197.0,test,
2649,387,198,121.0,test,
2650,690,273,273.0,train,
2651,1758,202,279.0,validation,
2652,481,7,22.0,validation,
2653,969,251,260.0,test,
2654,236,14,190.0,test,
2655,1476,195,68.0,validation,
2656,1688,30,27.0,validation,
2657,1715,89,223.0,validation,
2658,1139,260,2.0,validation,
2659,36,154,96.0,train,
2660,1183,247,240.0,test,
2661,2120,108,44.0,validation,
2662,1696,25,59.0,test,
2663,1819,4,190.0,test,
2664,1019,270,116.0,train,
2665,96,142,210.0,validation,
2666,1440,99,223.0,train,
2667,1727,44,138.0,test,
2668,464,54,206.0,validation,
2669,1410,82,100.0,train,
2670,1582,201,252.0,train,
2671,1560,57,40.0,test,
2672,159,135,14.0,train,
2673,612,35,4.0,test,
2674,1467,163,163.0,train,
2675,2033,54,152.0,train,
2676,1809,186,23.0,validation,
2677,619,143,51.0,test,
2678,1873,202,102.0,validation,
2679,373,205,49.0,test,
2680,676,9,154.0,train,
2681,2268,51,244.0,train,
2682,1769,108,23.0,validation,
2683,692,176,133.0,validation,
2684,292,197,70.0,validation,
2685,1478,134,286.0,test,
2686,2168,213,245.0,validation,
2687,1985,59,137.0,validation,
2688,1829,199,18.0,train,
2689,2257,110,12.0,train,
2690,1818,89,144.0,test,
2691,902,63,180.0,train,
2692,1777,227,235.0,validation,
2693,812,111,40.0,validation,
2694,896,35,53.0,validation,
2695,1059,17,4.0,train,
2696,1399,277,128.0,validation,
2697,1999,173,231.0,test,
2698,2422,123,264.0,test,
2699,722,184,112.0,validation,
2700,2400,13,263.0,test,
2701,44,71,248.0,train,
2702,1420,220,230.0,train,
2703,1842,163,201.0,validation,
2704,1191,122,175.0,test,
2705,543,173,152.0,validation,
2706,2470,44,108.0,train,
2707,451,128,228.0,test,
2708,738,12,285.0,validation,
2709,711,148,265.0,train,
2710,604,214,235.0,test,
2711,1479,257,56.0,validation,
2712,921,112,208.0,test,
2713,1686,4,67.0,train,
2714,2064,30,156.0,train,
2715,969,123,130.0,test,
2716,1563,219,27.0,test,
2717,65,72,262.0,validation,
2718,517,181,188.0,validation,
2719,2255,256,17.0,validation,
2720,546,11,42.0,validation,
2721,1799,2,19.0,validation,
2722,2432,10,286.0,validation,
2723,1607,11,59.0,train,
2724,481,29,46.0,train,
2725,1820,168,57.0,train,
2726,1217,286,74.0,test,
2727,1654,159,11.0,validation,
2728,2155,37,103.0,test,
2729,1751,148,74.0,train,
2730,2230,102,149.0,train,
2731,1538,138,192.0,validation,
2732,1545,263,158.0,test,
2733,645,82,164.0,train,
2734,45,243,87.0,test,
2735,1984,56,114.0,test,
2736,168,237,270.0,train,
2737,1554,202,42.0,validation,
2738,497,230,219.0,train,
2739,489,70,220.0,validation,
2740,1118,243,57.0,train,
2741,1681,105,96.0,validation,
2742,855,21,175.0,train,
2743,391,143,29.0,train,
2744,746,58,165.0,train,
2745,944,249,63.0,train,
2746,422,41,20.0,validation,
2747,2116,46,190.0,train,
2748,98,148,120.0,test,
2749,802,270,125.0,validation,
2750,1595,166,111.0,validation,
2751,511,145,252.0,validation,
2752,1496,226,143.0,test,
2753,895,243,94.0,train,
2754,1460,241,1.0,validation,
2755,1470,24,224.0,test,
2756,1074,141,113.0,test,
2757,2286,24,112.0,validation,
2758,1812,233,20.0,validation,
2759,2349,191,49.0,validation,
2760,1046,82,249.0,validation,
2761,164,77,183.0,test,
2762,2381,119,146.0,validation,
2763,567,117,182.0,test,
2764,521,143,201.0,train,
2765,1142,288,225.0,test,
2766,348,225,206.0,validation,
2767,170,62,26.0,validation,
2768,1769,106,77.0,validation,
2769,2380,277,72.0,train,
2770,2114,210,81.0,test,
2771,914,143,92.0,test,
2772,983,244,91.0,test,
2773,2325,233,161.0,train,
2774,745,177,260.0,validation,
2775,2274,29,71.0,train,
2776,1656,123,120.0,validation,
2777,613,237,157.0,train,
2778,2163,158,229.0,validation,
2779,101,35,165.0,test,
2780,403,269,93.0,train,
2781,77,88,108.0,test,
2782,1717,1,194.0,validation,
2783,865,213,63.0,validation,
2784,2466,7,212.0,validation,
2785,2174,128,214.0,train,
2786,291,230,142.0,train,
2787,1969,165,285.0,train,
2788,19,156,8.0,test,
2789,1597,224,173.0,test,
2790,961,73,118.0,train,
2791,2428,145,263.0,validation,
2792,725,98,25.0,validation,
2793,1512,163,240.0,validation,
2794,1777,63,224.0,validation,
2795,1998,228,63.0,test,
2796,489,219,169.0,test,
2797,109,177,236.0,validation,
2798,1822,69,68.0,train,
2799,2370,92,237.0,test,
2800,1052,256,106.0,train,
2801,264,149,242.0,test,
2802,1172,150,138.0,train,
2803,38,154,102.0,test,
2804,328,104,111.0,test,
2805,1622,49,233.0,train,
2806,2289,266,147.0,test,
2807,1674,280,69.0,train,
2808,2240,171,129.0,train,
2809,962,17,11.0,train,
2810,418,99,203.0,test,
2811,1784,263,242.0,validation,
2812,179,34,116.0,validation,
2813,2469,242,46.0,validation,
2814,1416,272,102.0,train,
2815,327,188,83.0,validation,
2816,738,46,240.0,validation,
2817,646,273,278.0,test,
2818,766,173,33.0,validation,
2819,2134,269,120.0,test,
2820,2455,35,37.0,validation,
2821,1772,40,170.0,train,
2822,2065,47,273.0,train,
2823,2285,148,31.0,train,
2824,22,134,288.0,validation,
2825,621,274,70.0,test,
2826,1748,6,158.0,validation,
2827,948,22,11.0,train,
2828,2051,283,44.0,train,
2829,381,161,180.0,train,
2830,1105,92,109.0,validation,
2831,628,96,61.0,train,
2832,902,6,221.0,validation,
2833,1241,6,183.0,validation,
2834,2279,272,273.0,test,
2835,825,17,261.0,train,
2836,509,117,66.0,test,
2837,1411,73,165.0,train,
2838,21,122,153.0,train,
2839,1075,50,30.0,test,
2840,314,140,101.0,validation,
2841,1128,103,113.0,test,
2842,2332,118,218.0,train,
2843,2275,3,54.0,test,
2844,215,117,16.0,train,
2845,961,280,29.0,test,
2846,2384,129,86.0,train,
2847,550,252,61.0,test,
2848,220,37,67.0,test,
2849,994,8,8.0,train,
2850,1114,83,38.0,train,
2851,551,80,165.0,validation,
2852,482,15,250.0,train,
2853,513,36,286.0,train,
2854,1503,163,105.0,test,
2855,2243,15,125.0,train,
2856,1991,281,104.0,train,
2857,1571,107,7.0,test,
2858,633,35,110.0,validation,
2859,464,26,67.0,train,
2860,604,193,274.0,train,
2861,2003,27,263.0,validation,
2862,2218,270,283.0,validation,
2863,426,192,119.0,validation,
2864,2155,8,133.0,test,
2865,2384,25,4.0,validation,
2866,2120,6,136.0,validation,
2867,1717,158,42.0,test,
2868,768,4,31.0,validation,
2869,2356,20,200.0,validation,
2870,900,75,13.0,test,
2871,1479,196,270.0,train,
2872,886,161,285.0,test,
2873,1794,238,279.0,validation,
2874,1750,139,255.0,test,
2875,34,196,114.0,validation,
2876,1031,248,158.0,validation,
2877,1592,46,129.0,train,
2878,1183,44,260.0,validation,
2879,2088,1,205.0,validation,
2880,2091,257,198.0,validation,
2881,2330,60,20.0,validation,
2882,1195,101,101.0,test,
2883,2199,33,197.0,train,
2884,2013,257,52.0,test,
2885,2330,81,120.0,train,
2886,186,208,39.0,test,
2887,813,152,144.0,validation,
2888,1635,216,80.0,test,
2889,534,12,122.0,train,
2890,2309,49,123.0,test,
2891,492,41,169.0,validation,
2892,2363,267,29.0,validation,
2893,584,130,192.0,validation,
2894,747,180,270.0,train,
2895,1587,38,222.0,validation,
2896,1881,82,23.0,validation,
2897,53,231,79.0,validation,
2898,33,92,67.0,test,
2899,1663,56,245.0,train,
2900,140,34,201.0,validation,
2901,1422,265,239.0,train,
2902,1060,48,248.0,test,
2903,1686,30,132.0,test,
2904,765,56,243.0,validation,
2905,1283,80,75.0,train,
2906,300,92,96.0,validation,
2907,1357,96,116.0,train,
2908,1420,247,165.0,validation,
2909,423,90,34.0,validation,
2910,577,163,168.0,validation,
2911,1770,239,118.0,validation,
2912,1163,208,245.0,test,
2913,1953,203,54.0,train,
2914,1197,25,211.0,train,
2915,1396,108,67.0,test,
2916,1329,124,62.0,validation,
2917,1249,46,197.0,validation,
2918,1504,195,154.0,validation,
2919,411,94,122.0,train,
2920,142,241,112.0,validation,
2921,1789,45,190.0,test,
2922,1343,219,130.0,train,
2923,1313,147,74.0,validation,
2924,294,61,278.0,validation,
2925,1093,139,250.0,test,
2926,1794,99,78.0,train,
2927,1834,251,252.0,validation,
2928,2302,269,233.0,test,
2929,36,121,100.0,train,
2930,1032,119,229.0,validation,
2931,654,202,235.0,test,
2932,1931,135,204.0,test,
2933,2279,229,6.0,test,
2934,1389,202,209.0,train,
2935,2279,135,84.0,train,
2936,863,177,237.0,train,
2937,949,32,178.0,train,
2938,391,27,195.0,test,
2939,2001,266,162.0,test,
2940,2142,286,265.0,train,
2941,1773,260,239.0,validation,
2942,369,178,212.0,test,
2943,1689,54,152.0,test,
2944,1147,26,9.0,test,
2945,1766,100,26.0,train,
2946,651,59,230.0,train,
2947,1023,253,197.0,test,
2948,747,93,261.0,validation,
2949,741,79,127.0,test,
2950,2253,60,138.0,train,
2951,657,188,74.0,validation,
2952,1178,96,249.0,test,
2953,1664,161,214.0,validation,
2954,1021,138,158.0,test,
2955,14,212,236.0,validation,
2956,2268,288,165.0,validation,
2957,1978,74,91.0,train,
2958,1193,65,22.0,test,
2959,1615,218,191.0,train,
2960,1068,80,208.0,test,
2961,1344,120,31.0,test,
2962,584,219,228.0,validation,
2963,2362,126,32.0,validation,
2964,1784,237,45.0,validation,
2965,471,232,43.0,train,
2966,527,255,32.0,validation,
2967,1392,87,99.0,validation,
2968,1323,97,161.0,validation,
2969,2132,272,75.0,train,
2970,1130,20,186.0,validation,
2971,79,116,23.0,validation,
2972,1401,112,81.0,train,
2973,300,197,106.0,test,
2974,2497,36,124.0,validation,
2975,58,223,103.0,validation,
2976,456,41,200.0,test,
2977,966,236,138.0,test,
2978,2384,84,118.0,test,
2979,1566,194,246.0,train,
2980,1821,114,199.0,validation,
2981,2008,27,11.0,test,
2982,2239,207,256.0,test,
2983,1989,223,8.0,train,
2984,1926,19,285.0,train,
2985,912,253,180.0,validation,
2986,945,115,159.0,validation,
2987,1050,100,4.0,validation,
2988,1670,35,185.0,validation,
2989,267,96,22.0,validation,
2990,585,260,253.0,train,
2991,1102,66,155.0,validation,
2992,2490,205,248.0,train,
2993,2463,255,131.0,test,
2994,1141,131,12.0,train,
2995,1305,26,234.0,validation,
2996,238,138,222.0,test,
2997,283,128,101.0,test,
2998,502,26,229.0,validation,
2999,641,244,74.0,train,
3000,2181,114,40.0,train,
3001,2500,18,42.0,train,
3002,2500,112,136.0,train,
3003,2500,48,72.0,train,
3004,2500,9,33.0,train,
3005,2500,107,131.0,validation,
3006,2501,134,158.0,train,
3007,2501,167,191.0,train,
3008,2501,113,137.0,train,
3009,2501,135,159.0,train,
3010,2501,136,160.0,validation,
3011,2502,48,72.0,train,
3012,2502,63,87.0,train,
3013,2502,80,104.0,train,
3014,2502,81,105.0,train,
3015,2502,106,130.0,validation,
3016,2503,128,152.0,train,
3017,2503,2,26.0,train,
3018,2503,23,47.0,train,
3019,2503,20,44.0,train,
3020,2503,50,74.0,validation,
3021,2504,111,135.0,train,
3022,2504,166,190.0,train,
3023,2504,40,64.0,train,
3024,2504,20,44.0,train,
3025,2504,24,48.0,validation,
3026,2505,62,86.0,train,
3027,2505,162,186.0,train,
3028,2505,79,103.0,train,
3029,2505,87,111.0,train,
3030,2505,1,25.0,validation,
3031,2506,36,60.0,train,
3032,2506,29,53.0,train,
3033,2506,41,65.0,train,
3034,2506,92,116.0,train,
3035,2506,161,185.0,validation,
3036,2507,159,183.0,train,
3037,2507,49,73.0,train,
3038,2507,165,189.0,train,
3039,2507,132,156.0,train,
3040,2507,58,82.0,validation,
3041,2508,126,150.0,train,
3042,2508,22,46.0,train,
3043,2508,131,155.0,train,
3044,2508,70,94.0,train,
3045,2508,156,180.0,validation,
3046,2509,10,34.0,train,
3047,2509,7,31.0,train,
3048,2509,60,84.0,train,
3049,2509,115,139.0,train,
3050,2509,91,115.0,validation,
3051,2510,96,120.0,train,
3052,2510,85,109.0,train,
3053,2510,67,91.0,train,
3054,2510,111,135.0,train,
3055,2510,16,40.0,validation,
3056,2511,1,25.0,train,
3057,2511,100,124.0,train,
3058,2511,132,156.0,train,
3059,2511,31,55.0,train,
3060,2511,5,29.0,validation,
3061,2512,65,89.0,train,
3062,2512,143,167.0,train,
3063,2512,53,77.0,train,
3064,2512,163,187.0,train,
3065,2512,78,102.0,validation,
3066,2513,24,48.0,train,
3067,2513,111,135.0,train,
3068,2513,127,151.0,train,
3069,2513,127,151.0,train,
3070,2513,148,172.0,validation,
3071,2514,131,155.0,train,
3072,2514,25,49.0,train,
3073,2514,118,142.0,train,
3074,2514,96,120.0,train,
3075,2514,111,135.0,validation,
3076,2515,93,117.0,train,
3077,2515,157,181.0,train,
3078,2515,61,85.0,train,
3079,2515,85,109.0,train,
3080,2515,75,99.0,validation,
3081,2516,129,153.0,train,
3082,2516,88,112.0,train,
3083,2516,25,49.0,train,
3084,2516,170,194.0,train,
3085,2516,127,151.0,validation,
3086,2517,172,196.0,train,
3087,2517,28,52.0,train,
3088,2517,68,92.0,train,
3089,2517,53,77.0,train,
3090,2517,168,192.0,validation,
3091,2518,75,99.0,train,
3092,2518,33,57.0,train,
3093,2518,157,181.0,train,
3094,2518,172,196.0,train,
3095,2518,165,189.0,validation,
3096,2519,19,43.0,train,
3097,2519,101,125.0,train,
3098,2519,162,186.0,train,
3099,2519,27,51.0,train,
3100,2519,108,132.0,validation,
3101,2520,61,85.0,train,
3102,2520,83,107.0,train,
3103,2520,107,131.0,train,
3104,2520,0,24.0,train,
3105,2520,30,54.0,validation,
3106,2521,37,61.0,train,
3107,2521,113,137.0,train,
3108,2521,127,151.0,train,
3109,2521,121,145.0,train,
3110,2521,57,81.0,validation,
3111,2522,163,187.0,train,
3112,2522,87,111.0,train,
3113,2522,1,25.0,train,
3114,2522,111,135.0,train,
3115,2522,8,32.0,validation,
3116,2523,139,163.0,train,
3117,2523,165,189.0,train,
3118,2523,153,177.0,train,
3119,2523,16,40.0,train,
3120,2523,84,108.0,validation,
3121,2524,31,55.0,train,
3122,2524,67,91.0,train,
3123,2524,152,176.0,train,
3124,2524,57,81.0,train,
3125,2524,62,86.0,validation,
3126,2525,49,73.0,train,
3127,2525,143,167.0,train,
3128,2525,105,129.0,train,
3129,2525,12,36.0,train,
3130,2525,5,29.0,validation,
3131,2526,156,180.0,train,
3132,2526,161,185.0,train,
3133,2526,70,94.0,train,
3134,2526,49,73.0,train,
3135,2526,115,139.0,validation,
3136,2527,0,24.0,train,
3137,2527,62,86.0,train,
3138,2527,136,160.0,train,
3139,2527,120,144.0,train,
3140,2527,7,31.0,validation,
3141,2528,5,29.0,train,
3142,2528,55,79.0,train,
3143,2528,51,75.0,train,
3144,2528,152,176.0,train,
3145,2528,125,149.0,validation,
3146,2529,64,88.0,train,
3147,2529,60,84.0,train,
3148,2529,143,167.0,train,
3149,2529,89,113.0,train,
3150,2529,82,106.0,validation,
3151,2530,105,129.0,train,
3152,2530,105,129.0,train,
3153,2530,87,111.0,train,
3154,2530,174,198.0,train,
3155,2530,115,139.0,validation,
3156,2531,31,55.0,train,
3157,2531,172,196.0,train,
3158,2531,68,92.0,train,
3159,2531,24,48.0,train,
3160,2531,100,124.0,validation,
3161,2532,108,132.0,train,
3162,2532,166,190.0,train,
3163,2532,9,33.0,train,
3164,2532,94,118.0,train,
3165,2532,83,107.0,validation,
3166,2533,12,36.0,train,
3167,2533,159,183.0,train,
3168,2533,130,154.0,train,
3169,2533,171,195.0,train,
3170,2533,39,63.0,validation,
3171,2534,11,35.0,train,
3172,2534,69,93.0,train,
3173,2534,43,67.0,train,
3174,2534,5,29.0,train,
3175,2534,96,120.0,validation,
3176,2535,155,179.0,train,
3177,2535,109,133.0,train,
3178,2535,25,49.0,train,
3179,2535,161,185.0,train,
3180,2535,37,61.0,validation,
3181,2536,60,84.0,train,
3182,2536,65,89.0,train,
3183,2536,114,138.0,train,
3184,2536,79,103.0,train,
3185,2536,58,82.0,validation,
3186,2537,5,29.0,train,
3187,2537,26,50.0,train,
3188,2537,68,92.0,train,
3189,2537,135,159.0,train,
3190,2537,174,198.0,validation,
3191,2538,86,110.0,train,
3192,2538,100,124.0,train,
3193,2538,144,168.0,train,
3194,2538,18,42.0,train,
3195,2538,2,26.0,validation,
3196,2539,150,174.0,train,
3197,2539,144,168.0,train,
3198,2539,28,52.0,train,
3199,2539,76,100.0,train,
3200,2539,111,135.0,validation,
3201,2540,96,120.0,train,
3202,2540,67,91.0,train,
3203,2540,50,74.0,train,
3204,2540,40,64.0,train,
3205,2540,44,68.0,validation,
3206,2541,6,30.0,train,
3207,2541,110,134.0,train,
3208,2541,136,160.0,train,
3209,2541,145,169.0,train,
3210,2541,38,62.0,validation,
3211,2542,100,124.0,train,
3212,2542,142,166.0,train,
3213,2542,93,117.0,train,
3214,2542,13,37.0,train,
3215,2542,155,179.0,validation,
3216,2543,130,154.0,train,
3217,2543,145,169.0,train,
3218,2543,97,121.0,train,
3219,2543,172,196.0,train,
3220,2543,149,173.0,validation,
3221,2544,41,65.0,train,
3222,2544,61,85.0,train,
3223,2544,162,186.0,train,
3224,2544,67,91.0,train,
3225,2544,147,171.0,validation,
3226,2545,6,30.0,train,
3227,2545,43,67.0,train,
3228,2545,51,75.0,train,
3229,2545,87,111.0,train,
3230,2545,172,196.0,validation,
3231,2546,3,27.0,train,
3232,2546,106,130.0,train,
3233,2546,159,183.0,train,
3234,2546,101,125.0,train,
3235,2546,152,176.0,validation,
3236,2547,104,128.0,train,
3237,2547,136,160.0,train,
3238,2547,19,43.0,train,
3239,2547,78,102.0,train,
3240,2547,48,72.0,validation,
3241,2548,130,154.0,train,
3242,2548,157,181.0,train,
3243,2548,80,104.0,train,
3244,2548,102,126.0,train,
3245,2548,104,128.0,validation,
3246,2549,114,138.0,train,
3247,2549,141,165.0,train,
3248,2549,67,91.0,train,
3249,2549,83,107.0,train,
3250,2549,43,67.0,validation,
3251,2550,25,49.0,train,
3252,2550,99,123.0,train,
3253,2550,127,151.0,train,
3254,2550,17,41.0,train,
3255,2550,142,166.0,validation,
3256,2551,147,171.0,train,
3257,2551,161,185.0,train,
3258,2551,126,150.0,train,
3259,2551,26,50.0,train,
3260,2551,172,196.0,validation,
3261,2552,95,119.0,train,
3262,2552,87,111.0,train,
3263,2552,126,150.0,train,
3264,2552,27,51.0,train,
3265,2552,136,160.0,validation,
3266,2553,69,93.0,train,
3267,2553,169,193.0,train,
3268,2553,96,120.0,train,
3269,2553,57,81.0,train,
3270,2553,99,123.0,validation,
3271,2554,13,37.0,train,
3272,2554,131,155.0,train,
3273,2554,172,196.0,train,
3274,2554,21,45.0,train,
3275,2554,121,145.0,validation,
3276,2555,110,134.0,train,
3277,2555,66,90.0,train,
3278,2555,73,97.0,train,
3279,2555,89,113.0,train,
3280,2555,60,84.0,validation,
3281,2556,3,27.0,train,
3282,2556,152,176.0,train,
3283,2556,174,198.0,train,
3284,2556,5,29.0,train,
3285,2556,159,183.0,validation,
3286,2557,116,140.0,train,
3287,2557,39,63.0,train,
3288,2557,88,112.0,train,
3289,2557,137,161.0,train,
3290,2557,53,77.0,validation,
3291,2558,168,192.0,train,
3292,2558,149,173.0,train,
3293,2558,147,171.0,train,
3294,2558,51,75.0,train,
3295,2558,17,41.0,validation,
3296,2559,149,173.0,train,
3297,2559,135,159.0,train,
3298,2559,143,167.0,train,
3299,2559,38,62.0,train,
3300,2559,126,150.0,validation,
3301,2560,160,184.0,train,
3302,2560,9,33.0,train,
3303,2560,80,104.0,train,
3304,2560,47,71.0,train,
3305,2560,144,168.0,validation,
3306,2561,49,73.0,train,
3307,2561,62,86.0,train,
3308,2561,49,73.0,train,
3309,2561,72,96.0,train,
3310,2561,72,96.0,validation,
3311,2562,7,31.0,train,
3312,2562,76,100.0,train,
3313,2562,151,175.0,train,
3314,2562,142,166.0,train,
3315,2562,99,123.0,validation,
3316,2563,104,128.0,train,
3317,2563,4,28.0,train,
3318,2563,13,37.0,train,
3319,2563,1,25.0,train,
3320,2563,115,139.0,validation,
3321,2564,59,83.0,train,
3322,2564,22,46.0,train,
3323,2564,62,86.0,train,
3324,2564,127,151.0,train,
3325,2564,165,189.0,validation,
3326,2565,152,176.0,train,
3327,2565,144,168.0,train,
3328,2565,129,153.0,train,
3329,2565,68,92.0,train,
3330,2565,155,179.0,validation,
3331,2566,8,32.0,train,
3332,2566,114,138.0,train,
3333,2566,162,186.0,train,
3334,2566,96,120.0,train,
3335,2566,141,165.0,validation,
3336,2567,146,170.0,train,
3337,2567,59,83.0,train,
3338,2567,50,74.0,train,
3339,2567,95,119.0,train,
3340,2567,50,74.0,validation,
3341,2568,117,141.0,train,
3342,2568,44,68.0,train,
3343,2568,130,154.0,train,
3344,2568,95,119.0,train,
3345,2568,160,184.0,validation,
3346,2569,21,45.0,train,
3347,2569,103,127.0,train,
3348,2569,78,102.0,train,
3349,2569,63,87.0,train,
3350,2569,134,158.0,validation,
3351,2570,18,42.0,train,
3352,2570,92,116.0,train,
3353,2570,129,153.0,train,
3354,2570,33,57.0,train,
3355,2570,109,133.0,validation,
3356,2571,13,37.0,train,
3357,2571,32,56.0,train,
3358,2571,17,41.0,train,
3359,2571,174,198.0,train,
3360,2571,21,45.0,validation,
3361,2572,89,113.0,train,
3362,2572,144,168.0,train,
3363,2572,49,73.0,train,
3364,2572,122,146.0,train,
3365,2572,50,74.0,validation,
3366,2573,20,44.0,train,
3367,2573,107,131.0,train,
3368,2573,124,148.0,train,
3369,2573,60,84.0,train,
3370,2573,107,131.0,validation,
3371,2574,28,52.0,train,
3372,2574,86,110.0,train,
3373,2574,81,105.0,train,
3374,2574,171,195.0,train,
3375,2574,140,164.0,validation,
3376,2575,151,175.0,train,
3377,2575,41,65.0,train,
3378,2575,55,79.0,train,
3379,2575,145,169.0,train,
3380,2575,70,94.0,validation,
3381,2576,111,135.0,train,
3382,2576,27,51.0,train,
3383,2576,19,43.0,train,
3384,2576,140,164.0,train,
3385,2576,140,164.0,validation,
3386,2577,120,144.0,train,
3387,2577,49,73.0,train,
3388,2577,138,162.0,train,
3389,2577,129,153.0,train,
3390,2577,124,148.0,validation,
3391,2578,139,163.0,train,
3392,2578,11,35.0,train,
3393,2578,57,81.0,train,
3394,2578,13,37.0,train,
3395,2578,53,77.0,validation,
3396,2579,26,50.0,train,
3397,2579,87,111.0,train,
3398,2579,118,142.0,train,
3399,2579,74,98.0,train,
3400,2579,134,158.0,validation,
3401,2580,37,61.0,train,
3402,2580,102,126.0,train,
3403,2580,172,196.0,train,
3404,2580,97,121.0,train,
3405,2580,136,160.0,validation,
3406,2581,96,120.0,train,
3407,2581,120,144.0,train,
3408,2581,153,177.0,train,
3409,2581,55,79.0,train,
3410,2581,132,156.0,validation,
3411,2582,140,164.0,train,
3412,2582,140,164.0,train,
3413,2582,95,119.0,train,
3414,2582,98,122.0,train,
3415,2582,24,48.0,validation,
3416,2583,24,48.0,train,
3417,2583,136,160.0,train,
3418,2583,73,97.0,train,
3419,2583,21,45.0,train,
3420,2583,153,177.0,validation,
3421,2584,95,119.0,train,
3422,2584,66,90.0,train,
3423,2584,43,67.0,train,
3424,2584,30,54.0,train,
3425,2584,117,141.0,validation,
3426,2585,102,126.0,train,
3427,2585,31,55.0,train,
3428,2585,107,131.0,train,
3429,2585,127,151.0,train,
3430,2585,162,186.0,validation,
3431,2586,134,158.0,train,
3432,2586,47,71.0,train,
3433,2586,59,83.0,train,
3434,2586,80,104.0,train,
3435,2586,170,194.0,validation,
3436,2587,61,85.0,train,
3437,2587,2,26.0,train,
3438,2587,164,188.0,train,
3439,2587,9,33.0,train,
3440,2587,64,88.0,validation,
3441,2588,88,112.0,train,
3442,2588,147,171.0,train,
3443,2588,83,107.0,train,
3444,2588,85,109.0,train,
3445,2588,127,151.0,validation,
3446,2589,131,155.0,train,
3447,2589,162,186.0,train,
3448,2589,6,30.0,train,
3449,2589,71,95.0,train,
3450,2589,84,108.0,validation,
3451,2590,37,61.0,train,
3452,2590,53,77.0,train,
3453,2590,100,124.0,train,
3454,2590,139,163.0,train,
3455,2590,103,127.0,validation,
3456,2591,46,70.0,train,
3457,2591,20,44.0,train,
3458,2591,72,96.0,train,
3459,2591,74,98.0,train,
3460,2591,4,28.0,validation,
3461,2592,97,121.0,train,
3462,2592,17,41.0,train,
3463,2592,51,75.0,train,
3464,2592,60,84.0,train,
3465,2592,0,24.0,validation,
3466,2593,139,163.0,train,
3467,2593,84,108.0,train,
3468,2593,132,156.0,train,
3469,2593,22,46.0,train,
3470,2593,161,185.0,validation,
3471,2594,12,36.0,train,
3472,2594,141,165.0,train,
3473,2594,157,181.0,train,
3474,2594,106,130.0,train,
3475,2594,101,125.0,validation,
3476,2595,27,51.0,train,
3477,2595,113,137.0,train,
3478,2595,97,121.0,train,
3479,2595,119,143.0,train,
3480,2595,43,67.0,validation,
3481,2596,166,190.0,train,
3482,2596,110,134.0,train,
3483,2596,75,99.0,train,
3484,2596,72,96.0,train,
3485,2596,36,60.0,validation,
3486,2597,74,98.0,train,
3487,2597,85,109.0,train,
3488,2597,71,95.0,train,
3489,2597,138,162.0,train,
3490,2597,119,143.0,validation,
3491,2598,134,158.0,train,
3492,2598,60,84.0,train,
3493,2598,149,173.0,train,
3494,2598,41,65.0,train,
3495,2598,41,65.0,validation,
3496,2599,15,39.0,train,
3497,2599,8,32.0,train,
3498,2599,146,170.0,train,
3499,2599,96,120.0,train,
3500,2599,152,176.0,validation,
